x1;x2;x3;x4;x5;x6;x7;x8;x9;y
5;5;120;37,1;16,27;69;10,1;9,4;19,5;18,16
85;5;240;36,5;18,1;72;9,1;8,2;17,3;15,66
60;4;120;34,8;16,78;64;10,4;5,4;15,8;13,33
680;3,86;300;44,5;19,78;75,5;18,9;10,3;29,2;24,19
445;3,71;240;34;16,86;66;8,5;6,5;15;12,85
584;3,5;120;43,2;19,2;68;11,8;8,5;20,3;18,86
860;3,43;300;50;20,03;78;11,8;8,3;20,1;19,29
720;3,29;180;37,5;16,67;68;9;7,4;16,4;13,51
305;3,21;120;41,5;20,01;67;9,2;6,3;15,5;13,04
0;3,21;360;26,6;15,5;59;6,8;4,5;11,3;11,72
0;3,21;120;25;16;63,5;11,9;6,5;18,4;19,08
396;3,14;300;59,6;23,58;89,5;16,2;23,8;40;32,1
0;3,14;420;27;15,73;58;10,5;8;18,5;16,77
305;3,14;120;43,1;18,65;71;17,2;5,9;23,1;19,78
0;3,07;240;45,5;18,94;72;11,8;9,5;21,3;17,91
0;3;240;49,9;19,99;75,5;11,9;7,4;19,3;15,89
0;3;300;26;15,62;56;13;10,5;23,5;23,1
565;3;240;39,2;20,58;70;18,5;12,8;31,3;25,1
510;2,93;120;66;21,8;85;12,6;11;23,6;19,48
860;2,93;90;48,1;18,56;72;10,5;6,5;17;13,38
385;2,93;420;42,3;20,69;71;17,2;9,2;26,4;22,88
600;2,93;420;53,2;21,31;80;15;12,7;27,7;24,59
570;2,93;360;26,5;14,33;63;8;6,3;14,3;13,15
480;2,88;100;26,4;17,74;56,6;9,4;5;14,4;13,25
480;2,86;120;26,3;15,56;58,5;8,5;6,3;14,8;13,25
420;2,86;300;55,4;24,3;88;19,5;26,5;46;32,01
360;2,86;120;44,8;17,72;69;13,5;8,2;21,7;20,04
630;2,86;120;31;18,63;66;11,8;9,2;21;18,96
300;2,86;120;47,5;22,59;83;25,5;42,2;67,7;34
43;2,86;120;21;13,44;53,5;5,9;4;9,9;8,09
540;2,86;120;44,2;20,18;73;24,5;9,5;34;27,03
790;2,86;240;43;20,45;76;18;16,8;34,8;27,45
520;2,86;240;46,2;18,05;77;13,5;8,9;22,4;20,82
0;2,86;240;25;14,79;59;6;4,5;10,5;10,85
260;2,81;180;26,6;16,24;61;13,9;6,9;20,8;21,19
445;2,79;300;47,8;18,21;73;15,2;7,6;22,8;19,84
705;2,79;180;51,3;19,07;75;18,3;9,1;27,4;21,88
450;2,79;120;50;19,53;83;31,5;19;50,5;33,17
185;2,79;240;43,5;17,43;72;11,5;5,5;17;16,78
480;2,71;120;28,6;15,46;60,5;10,2;4,6;14,8;13,65
190;2,71;180;23,1;13,67;57,6;9,3;4,5;13,8;14,64
0;2,71;120;27,8;16,97;60;9,3;6,5;15,8;16,33
0;2,71;240;25;14,79;55;7,5;8;15,5;13,94
0;2,71;180;51,8;23,02;82,5;24,4;20,9;45,3;32,13
410;2,71;60;26,3;15,56;61,5;7;4,5;11,5;9,54
270;2,64;300;25,7;14,98;58;6,9;4,8;11,7;10,45
420;2,64;120;32,6;17,89;65,2;8,8;5,9;14,7;12,55
465;2,64;360;40;16,02;73;9;7,5;16,5;16,31
0;2,64;420;28,2;15,94;58;12,5;10,6;23,1;20,68
60;2,64;420;42;17,48;65;9,5;6,8;16,3;13,12
0;2,64;420;44,8;19,39;73;12;11,5;23,5;22,1
450;2,64;240;56,6;25,16;82;23,6;13,5;37,1;28,57
250;2,64;120;21,2;13,79;56;9,3;4,5;13,8;14,64
300;2,64;180;34,5;18,12;69;19;13;32;27,21
0;2,63;120;58,7;22,93;81;17,3;11,2;28,5;23,33
320;2,57;360;38;18,07;66,5;9,4;4,9;14,3;11,45
345;2,57;120;40;17,09;71;11,4;7,3;18,7;18,35
480;2,57;180;36,2;16,53;65;9,5;4,7;14,2;11,75
300;2,57;60;64,8;25,31;89;23,8;24,8;48,6;33,67
275;2,57;180;28;15,59;58;6,3;4,5;10,8;9,08
295;2,57;60;25;14,13;56;7,8;4,5;12,3;10,69
0;2,57;300;27;15,98;58;12;9,5;21,5;19,38
0;2,57;250;38,9;21,99;77;25,1;18,3;43,4;34,29
390;2,57;120;29;14,8;62;11,5;6,8;18,3;18,29
300;2,56;180;52;19,81;71;9,8;8,5;18,3;15,29
382;2,5;120;26,1;14,54;58;5,3;4,5;9,8;6,68
500;2,5;120;35,7;16,52;62,2;10;5,5;15,5;13,04
895;2,5;180;33,3;15;67,5;7,8;5,2;13;13,12
320;2,5;240;70;25,71;80;22,4;20,4;42,8;32,4
185;2,5;240;29;15,91;63,5;9,8;5,9;15,7;14,14
320;2,5;180;32;15,87;64;11,9;5,2;17,1;13,88
160;2,5;360;27;15,26;61;7,1;4,3;11,4;9,73
0;2,5;420;47;20,34;72;12,3;14;26,3;24,5
360;2,5;120;46;17,53;68,5;7,8;5;12,8;9,61
705;2,5;180;49;20,4;75;15;10;25;22,45
350;2,5;120;43,5;19,33;69,5;14,5;9,5;24;21,89
0;2,44;300;53;23,56;77;20,8;14,8;35,6;30,15
0;2,44;180;33,8;15,43;61;6,9;5,7;12,6;11,5
270;2,43;240;38,9;18,5;62;10,3;11,8;22,1;22,27
190;2,43;120;31,6;14,62;60;9,9;5;14,9;12,05
298;2,43;360;40,1;16,91;70;13,9;10,3;24,2;22,24
850;2,43;180;44,9;21,65;76,5;22,3;8,8;31,1;25,38
221;2,43;90;40,1;19,34;67,5;11,3;6,4;17,7;15,44
780;2,43;120;59,6;22,71;87;16;17,3;33,3;28,05
140;2,43;60;27,9;17,03;61;11,3;6;17,3;15,66
130;2,43;180;29,3;17,88;64,5;18;12,8;30,8;28,5
0;2,43;120;30;16,96;66;9;6,3;15,3;13,75
0;2,43;180;36;17,6;71;16;15,4;31,4;26,16
370;2,43;120;47;18,83;76;17;13;30;26,7
0;2,43;240;27,5;15,78;57;10,4;6;16,4;14,81
355;2,43;120;44,6;17,87;76;16;12,5;28,5;25,33
340;2,43;120;27,3;16,41;59;12,4;6,5;18,9;17,53
270;2,43;240;57,6;20,9;80;10,5;7,6;18,1;14,8
750;2,43;240;38,4;19,59;76;17,5;12,5;30;26
0;2,43;480;30;17,75;61;9,8;6;15,8;13,93
630;2,43;300;59;24,56;87;27,8;23,5;51,3;34,27
395;2,43;180;35;15,98;67;7,5;5,5;13;10,12
0;2,36;240;34,7;17,7;66,5;12,3;9,8;22,1;20,27
720;2,36;60;35,8;18,27;68,5;8,1;7;15,1;13,25
376;2,36;420;28,3;14,65;60,5;9,4;4,2;13,6;13,74
570;2,36;180;45,6;18,27;78;12,6;7,5;20,1;19,59
392;2,36;94;38,9;19,29;66;10,4;5,8;16,2;14,02
599;2,36;120;37,7;16,98;69;9,4;6,2;15,6;13,14
310;2,36;240;55,3;21,6;84;22,3;23,5;45,8;33,26
295;2,36;90;40,5;18,24;66;7,5;8,7;16,2;15,12
210;2,36;60;55;21,48;81;11,8;7,9;19,7;16,54
0;2,36;60;34;16,86;62,5;8;4,3;12,3;10,39
150;2,36;180;31;17,01;65;12,8;8;20,8;18,49
105;2,36;180;42;17,94;74;16,8;14,8;31,6;26,28
355;2,36;360;69;25,34;90;21,5;17,2;38,7;30,67
570;2,36;180;56;21,34;82;18;17,3;35,3;27,3
470;2,36;120;42,6;22,05;78;18;20,5;38,5;31,49
680;2,36;300;38;18,33;64;6,8;14;20,8;20,49
350;2,33;180;54,8;19,42;76,5;6,7;6,2;12,9;10,02
95;2,31;120;22;14,08;54;10,9;4,5;15,4;16,24
630;2,29;120;29,5;16,67;58,5;9,4;5,3;14,7;13,55
360;2,29;240;45,8;20,91;73;16,3;11,4;27,7;22,79
705;2,29;240;35,9;14,94;68;14,3;8,2;22,5;21,6
655;2,29;120;44,5;22,38;82;15,5;17,3;32,8;26,37
540;2,29;240;46,6;20,17;74;16,9;9,8;26,7;22,09
105;2,29;120;38;18,33;70;13;6,1;19,1;16,71
800;2,29;180;50,6;18,14;73;8,9;5,3;14,2;11,75
320;2,29;60;51,5;18,92;68;9,5;10,3;19,8;15,93
525;2,29;360;49,2;20,48;75;16;9;25;22,85
175;2,29;180;42;24,85;81;31,5;23,5;55;34,25
285;2,29;120;26,9;14,54;60;7,9;4,1;12;10,37
355;2,29;420;35,6;16,47;64;10,5;7;17,5;15,55
215;2,29;420;25,8;14,37;58;9;4,5;13,5;14,04
0;2,29;360;50;23,46;88;23,6;21,5;45,1;31,48
540;2,29;300;45,3;17,7;68;8,5;6,5;15;12,15
0;2,29;180;44;23,1;80;25;19;44;31,77
1130;2,29;300;58,7;23,22;77;21,7;9,5;31,2;24,74
345;2,29;300;24,7;14,18;54,5;10,8;4,5;15,3;14,15
465;2,29;120;43,4;18,54;77;18,9;11,6;30,5;27,01
410;2,29;420;47;16,26;70;6,5;5;11,5;8,24
185;2,29;180;26,5;15,68;62;10,5;8,5;19;19,32
550;2,29;60;28;17,64;60;8,5;6,5;15;15,55
95;2,25;60;29,7;16,54;63;8,1;4,3;12,4;12,89
150;2,21;300;40,9;18,93;73;17,8;11,4;29,2;27,19
210;2,21;120;44,7;26,86;81;22,7;25,6;48,3;35,21
330;2,21;120;37,6;18,65;75;18,9;12,4;31,3;27,8
340;2,21;180;38,1;16,07;69;5,3;4,5;9,8;6,68
210;2,21;120;39,2;18,64;70;16,6;9,5;26,1;24,36
900;2,21;240;33,6;14,54;63,5;9,8;5,2;15;14,55
160;2,21;90;46,9;22,62;80;16,9;18,3;35,2;29,95
540;2,21;30;72,4;29,75;95,5;28,3;42,9;71,2;30,29
208;2,21;120;29;14,38;60;8,5;4,6;13,1;10,63
540;2,21;120;73,2;24,46;91,5;15,5;17,2;32,7;25,21
690;2,21;180;49;19,14;76;15,5;8;23,5;19,7
240;2,21;120;31,4;15,57;64;10,4;5,3;15,7;13,54
560;2,21;120;35,7;17,22;67;14,8;5,7;20,5;19,93
0;2,21;240;32,4;18,6;69,5;14,1;7,6;21,7;21,94
130;2,21;60;30;15,75;64;9,3;7;16,3;16,82
450;2,21;120;34;17,6;67;13,6;6,9;20,5;17,93
0;2,21;420;36,5;15,39;70;6,8;4,9;11,7;10,05
405;2,21;120;23;14,72;55,6;8,5;5;13,5;12,34
235;2,21;300;48;17,85;74;10,2;4,5;14,7;11,85
0;2,21;300;46;19,65;73;11,3;9,8;21,1;17,74
380;2,21;240;32;16,8;61,5;9;6,5;15,5;15,34
265;2,21;120;48,7;21,94;80;20,7;12,9;33,6;27,41
125;2,21;300;34;15,11;63,5;13,2;5,6;18,8;18,74
630;2,21;300;61,5;23,43;86;30,8;19,5;50,3;32,54
690;2,21;180;24,9;14,73;59;12,5;5,6;18,1;18,1
650;2,21;420;53,2;22,14;77;12,5;10;22,5;20,9
0;2,21;120;28,4;16,8;63;12;8;20;20,5
0;2,21;120;26,5;15,68;63;5,5;8,5;14;14,55
0;2,21;300;32,5;17,07;63;13,5;8,8;22,3;19,44
180;2,21;240;39;17,8;70;10,5;8;18,5;15,87
310;2,21;360;53;19,47;78;10;6,5;16,5;13,61
390;2,21;240;56;21,88;76;12,5;19;31,5;25,22
210;2,21;360;60,5;24,23;86;21,5;25,4;46,9;33,32
160;2,2;360;42,8;18,77;51;6,3;7,8;14,1;11,25
270;2,19;180;34;15,52;65;9,3;4,8;14,1;14,25
170;2,14;120;25;16;61,5;14,8;8,4;23,2;22,86
205;2,14;240;45,2;21,8;82;17,3;17,7;35;29,85
210;2,14;240;47,1;19,86;74;19,3;15;34,3;28,79
440;2,14;60;35,1;17,41;65;8,9;5,3;14,2;11,75
780;2,14;120;27,9;15,77;58;7,4;6,4;13,8;13,34
170;2,14;60;27,8;16,2;57;8,6;4,5;13,1;10,63
282;2,14;230;36,9;17,55;69;10;10,2;20,2;19,37
285;2,14;120;47,1;18,63;69,5;9,3;5,7;15;11,85
450;2,14;120;45;17,58;73,5;10,2;11,6;21,8;18,73
120;2,14;180;31;17,26;62,5;8,2;5,5;13,7;12,54
0;2,14;300;35;17,12;65;12;5,8;17,8;15,53
150;2,14;300;33,6;19,58;70;13,8;12,1;25,9;23,22
360;2,14;420;33,7;16,48;70;10,8;12,3;23,1;22,78
175;2,14;120;35,5;15,78;63;7,5;6,5;14;14,15
360;2,14;120;30;16,96;63;12,8;8,3;21,1;20,44
135;2,14;420;26;15,15;66,5;11,5;7;18,5;18,87
0;2,14;300;48;19,98;74;13,8;14;27,8;24,66
325;2,14;180;74,5;30,22;96;23,9;30;53,9;34,3
140;2,14;420;38,7;17,67;67,5;10,8;8,5;19,3;16,59
340;2,14;240;40,5;17,3;69;8,5;5,5;14;11,85
0;2,14;180;26;14,48;62;5,8;9,5;15,3;14,15
455;2,14;240;58,3;21,16;75,5;6,5;8,2;14,7;11,85
215;2,14;420;44,8;19,65;72;10,8;9,3;20,1;19,29
390;2,14;300;50;19,05;76;17,3;8,5;25,8;21,84
0;2,14;120;25,6;15,15;58;8,5;5,5;14;12,45
210;2,14;240;36;15,79;67;13,5;7;20,5;19,23
370;2,14;30;70,7;24,46;95;20;22,3;42,3;30,23
0;2,14;120;39,5;18,03;68;14,5;6,5;21;18,96
365;2,14;120;24,7;14,62;58;11,5;6,5;18;18,41
355;2,14;120;35;14,57;62,5;7;5,5;12,5;10,3
0;2,14;420;44;19,56;75;15,5;15;30,5;26,61
305;2,14;180;34,2;17,45;66;8,5;7,3;15,8;14,93
345;2,14;180;61;27,11;94,5;30;35,5;65,5;31,94
380;2,13;180;60,7;18,94;84;6,2;8;14,2;10,65
380;2,13;60;40;16,44;68;7,5;5;12,5;9,3
350;2,07;180;39,7;18,12;68,5;7,8;7,4;15,2;14,75
280;2,07;300;44,6;19,05;77;12,2;11,7;23,9;22,41
540;2,07;300;36,2;15,88;70;9,3;7,2;16,5;15,61
630;2,07;60;33,5;17,59;66;11,3;6,4;17,7;15,44
960;2,07;120;42,3;17,61;74;14,5;10,4;24,9;21,17
395;2,07;150;27,4;14,18;62;5,9;5,2;11,1;9,41
420;2,07;120;32;17,05;63;8,9;10;18,9;17,13
210;2,07;300;61,5;23,43;88;27,3;30,5;57,8;32,94
500;2,07;240;75;22,15;87;11,2;12,4;23,6;19,08
0;2,07;120;25,6;17,49;63,5;12,5;10,7;23,2;23,16
270;2,07;120;34;16,63;64;9,7;4,3;14;11,85
640;2,07;300;46,5;19,86;77,5;12,6;12,3;24,9;22,57
630;2,07;300;49;19,88;78;23,5;17,8;41,3;31,69
0;2,07;180;28,6;15,46;64;10,8;5,9;16,7;17,2
140;2,07;300;29;16,39;60,5;9,9;5,2;15,1;13,55
375;2,07;60;42,4;17,42;76;10,9;6,9;17,8;15,53
185;2,07;300;41;16,85;67;9;5,9;14,9;12,75
310;2,07;180;46;24,51;85,4;20,9;27;47,9;35,13
190;2,07;60;31;17,01;68,5;16;7,5;23,5;23,1
150;2,07;300;38;15,82;70;10,3;6,5;16,8;14,59
430;2,07;60;59;22,21;84,5;26,4;19,5;45,9;33,28
430;2,07;120;58;21,83;86,5;25,3;34,3;59,6;34,43
480;2,07;200;32,9;18,6;70;14,9;13,9;28,8;26,93
220;2,07;120;34,5;21,73;69;19;11;30;28
380;2,07;360;44,5;18,76;69,5;12,2;12;24,2;23,24
555;2,07;300;36,4;18,57;73;16;10;26;21,59
0;2,07;60;23,6;13,96;57;8,5;4,5;13;11,82
210;2,07;180;27,5;14,87;63;9;6;15;13,15
0;2,07;180;33,5;15,5;68;16;7;23;19,7
0;2,07;240;60,1;23,48;83;18,5;14,5;33;27,88
265;2,07;360;45;18,73;72;10,5;8;18,5;15,87
480;2,07;300;38;16,89;68;11,3;7,5;18,8;15,74
315;2,07;180;38;16,89;69;10;6;16;13,53
405;2,07;180;45,6;18,27;74;15;10,5;25,5;23,22
180;2,07;0;68,3;26,68;94;33,5;25,8;59,3;34,06
220;2,07;240;66,7;23,08;91;32,5;18;50,5;33,97
235;2,07;120;63;23,14;85;12,5;8,5;21;16,96
300;2,07;120;43,5;19,33;80;7;9,5;16,5;13,31
0;2,06;180;38,2;16,53;66;6,2;4,5;10,7;9,37
0;2,06;120;41,8;16,33;74,5;10,3;6,9;17,2;16,27
125;2,06;240;29;16,64;64;10;6,2;16,2;16,72
440;2,06;240;39,3;16,57;70;14,2;10,9;25,1;22,72
265;2,06;360;50;20,81;76,5;10;11,6;21,6;19,76
570;2;120;38;18,85;70;11,5;8,9;20,4;18,45
450;2;120;36,9;16,62;64,5;9,8;6,4;16,2;16,02
355;2;120;40,7;19,63;72,5;18,9;11;29,9;26,64
320;2;420;44,6;19,05;75;19,4;9,3;28,7;25,46
320;2;120;39,6;15,86;68;8,8;5,5;14,3;11,45
390;2;240;46,3;17,86;73;10,5;7,9;18,4;17,38
300;2;360;60,9;25,02;92;23;39,3;62,3;32,13
295;2;120;51,9;21,06;73,5;9;8,2;17,2;13,97
171;2;60;41,8;17,4;67;14;8,8;22,8;18,44
390;2;180;33,1;16,89;66;9,5;6,5;16;15,83
605;2;300;35,2;17,71;63,5;13,4;7,2;20,6;18,02
250;2;60;41,6;19,52;71;16,3;13,4;29,7;26,81
720;2;180;31;14,35;61;4,8;3,4;8,2;5,56
470;2;180;39,8;17;65;10,5;5,6;16,1;13,62
835;2;180;38,9;15,98;69;7,8;4,6;12,4;9,49
290;2;240;40,9;15,78;71;9,5;6,4;15,9;13,03
375;2;240;36,7;17,95;67;11,9;5,6;17,5;15,55
470;2;120;36,4;17,31;64;9,5;6,8;16,3;14,12
377;2;180;42;18,67;77,5;15,8;14,1;29,9;26,64
160;2;30;38;17,59;67;13,5;7,2;20,7;19,4
680;2;180;60,3;23,26;85;13,9;18,2;32,1;27,57
0;2;180;43,8;16,28;66;5,6;6,5;12,1;8,88
0;2;180;49,3;20,79;77;17,5;12,4;29,9;24,24
0;2;180;36,4;15,55;62,5;6;4,8;10,8;7,78
0;2;120;47,3;19,94;81;7,8;6,6;14,4;13,55
0;2;240;39,6;19,1;71;14,3;8,2;22,5;19,6
0;2;120;22;15,28;53;7;4,6;11,6;10,35
410;2;420;59;21,67;88;18;17,9;35,9;29,6
410;2;240;31,4;14,93;58,5;7,2;5,5;12,7;10,21
0;2;360;70,5;20,38;86,5;9,1;7,5;16,6;13
280;2;120;55;19,72;75;5;6,9;11,9;8,27
480;2;240;31;14,74;65;10;7;17;14,78
1;2;300;33,1;18,71;68;16,7;9,5;26,2;24,43
675;2;120;32;18,09;67;11,4;9,5;20,9;18,57
0;2;180;29,2;16,26;63;15,5;7,3;22,8;22,54
385;2;30;34;15,95;64;7,8;6;13,8;13,94
350;2;30;37,6;18,91;73,5;15,4;18,8;34,2;28,03
120;2;300;60;22,04;85;21;13,5;34,5;28,89
120;2;420;21;15,08;53;9,4;5;14,4;15,25
210;2;180;39,5;20,74;77;16,7;14,5;31,2;27,74
0;2;240;19;12,36;51;7,8;10;17,8;15,83
125;2;180;74;26,85;91;21,5;22,5;44;32,57
240;2;180;47;18,59;78;17,2;13;30,2;26,43
230;2;60;38,7;17,67;67;10,3;5,5;15,8;13,63
125;2;180;28;14,92;58;6,5;4,2;10,7;8,67
290;2;240;23;14,72;56;10,5;9,5;20;20,2
470;2;240;35,4;11,5;66;11,5;6,6;18,1;16,1
280;2;120;28,3;13,84;60;10,8;4,5;15,3;13,15
160;2;120;54;21,36;80;13,5;14;27,5;25,05
826;2;300;54,4;21,79;84;26,3;13,5;39,8;31,72
240;2;180;42;16,61;74;11,7;7;18,7;18,05
245;2;180;60,1;23,19;75;12,3;8,5;20,8;16,79
255;2;180;33,6;17,9;71;17,3;19,4;36,7;31,38
495;2;120;31,1;17,06;65;9,4;5,9;15,3;13,75
117;2;120;26,2;14,59;59;10,9;4,1;15;15,55
600;2;240;49,3;18,33;70;7,7;8,5;16,2;13,02
150;2;180;30;16,46;63;10;5,5;15,5;14,34
240;2;120;53;23,56;84;27;31,3;58,3;35,52
300;2;120;29,5;15,95;61;8,5;6;14,5;12,95
0;2;180;25,3;13,88;60;8;4,5;12,5;10,3
255;2;180;32;17,3;64;9;5,5;14,5;12,65
405;2;120;44,5;20,32;75;24,5;12,8;37,3;28,96
310;2;300;41;15,06;70;5,5;4;9,5;6,34
220;2;300;58,5;18,67;76;9;6,5;15,5;11,94
430;1,94;240;42,1;17,3;69;10,2;7,3;17,5;16,55
240;1,94;180;27,1;16,29;64;11,4;7,9;19,3;19,89
0;1,94;120;30,1;12,86;63;9,8;5,4;15,2;14,05
0;1,94;60;44,5;19,52;80;17,2;14;31,2;27,74
140;1,94;60;60;21,77;74;10,2;12;22,2;17,96
0;1,94;240;35;18,12;53;10;5,6;15,6;13,44
0;1,94;180;24,6;14,78;56;10,8;5,4;16,2;16,72
390;1,94;240;42;17,26;69;10,1;7,5;17,6;16,64
300;1,93;60;26,5;15,68;60;7,5;4,3;11,8;10,56
0;1,93;120;21,6;14,05;57;13,4;7;20,4;18,85
320;1,93;180;25,2;15,62;57;8,3;5,3;13,6;14,14
230;1,93;240;36,3;19,06;70;12,3;8,4;20,7;18,4
420;1,93;120;33;15,07;64;6,5;4,8;11,3;9,02
200;1,93;120;39,6;18,83;66;11,1;6,6;17,7;14,74
185;1,93;120;34,7;15,22;67;10,3;4,5;14,8;12,35
200;1,93;180;42,3;17,61;72;14,3;9,7;24;22,49
365;1,93;180;37,1;17,65;68,5;16,4;9,4;25,8;21,84
434;1,93;420;52,1;18,68;76,5;12,3;7,6;19,9;16,41
540;1,93;240;24,4;13,59;55;6,7;3,9;10,6;8,86
720;1,93;120;33,8;18,55;69;13,1;8,3;21,4;18,99
515;1,93;170;34,2;17,45;63,5;15,4;7,2;22,6;19,68
205;1,93;120;57,8;23,15;86;20,2;12,3;32,5;27,4
0;1,93;180;26;14,48;56,5;7,2;4,5;11,7;10,05
0;1,93;240;53,5;23,78;87;21,4;27,6;49;32,64
210;1,93;60;42;20,54;73;16,7;11;27,7;25,49
235;1,93;180;30,3;15,24;61;10,7;5,4;16,1;15,92
450;1,93;60;30,6;15,61;63,5;11,5;6,3;17,8;15,23
390;1,93;240;41;16,63;71;8,3;8,2;16,5;16,31
0;1,93;360;43;19,63;80;14,5;19;33,5;27,66
525;1,93;420;26;14,92;57,5;8,3;4,5;12,8;10,91
170;1,93;240;42;23,39;90;20,5;42,3;62,8;35,45
0;1,93;180;37;17,12;67;8,3;6,5;14,8;13,95
125;1,93;60;38,5;16,66;68;16,8;10,5;27,3;24,51
85;1,93;360;41,5;16,42;68,5;6;5,6;11,6;8,65
465;1,93;300;40;18,51;72;12,3;8,5;20,8;17,49
215;1,93;120;43,2;23,02;83;24,3;21,5;45,8;34,66
10;1,93;120;34;17,85;70;7,5;18;25,5;24,22
120;1,93;60;37,5;17,84;72;8,7;5,5;14,2;12,65
145;1,93;180;35,7;15,45;63;9;5,5;14,5;14,65
200;1,93;180;37,3;16,58;63;12,2;5,8;18;18,01
310;1,93;45;36;15,38;72,5;12;7,9;19,9;19,71
205;1,93;300;34;17,1;68,5;14,8;10,2;25;23,55
285;1,93;240;42;16,41;70;9,2;10;19,2;18,8
600;1,93;420;37,2;18,45;68;14,8;10,8;25,6;21,7
135;1,93;120;41;17,98;72,5;17,2;7,9;25,1;21,92
100;1,93;120;41;20,05;75;18;13,8;31,8;28,4
440;1,93;240;47,2;17,77;75;9;5,5;14,5;11,35
360;1,93;180;26;17,47;60;10,5;7;17,5;16,25
260;1,93;120;34,5;16,87;65;13;4,8;17,8;15,53
245;1,93;240;45;18,03;75;8;6;14;10,85
225;1,93;0;48;18,75;79;10,6;11,7;22,3;18,44
70;1,93;240;48;18,75;74;12;9;21;18,06
300;1,93;120;38;16,45;64,5;5;6,5;11,5;8,94
295;1,93;120;47;19,56;72;17;9;26;23,39
0;1,88;180;74,1;26,25;74;14,8;11,1;25,9;23,52
380;1,88;180;34;16,86;68;8,5;7,2;15,7;15,24
150;1,88;180;32,4;18,6;69,5;14,2;7,7;21,9;20,11
320;1,87;300;48,2;19,31;78;14,6;14,9;29,5;24,38
290;1,87;300;54,7;21,1;72;9,2;9,5;18,7;15,35
230;1,87;420;54,7;21,1;72;9,2;9,5;18,7;15,35
140;1,86;120;19,3;14,59;56;6,8;6,2;13;11,82
75;1,86;120;26,4;15,15;60;8,9;4,7;13,6;12,44
320;1,86;120;42;19,17;70,5;16,8;6,2;23;20,6
210;1,86;240;31,3;19,72;67;11,6;10,2;21,8;19,33
215;1,86;180;39,3;17,47;70;11,4;7,6;19;18,32
420;1,86;420;40,1;16,48;72;7,4;5,2;12,6;9,7
210;1,86;120;37,2;16,53;63,5;7,4;3,5;10,9;7,89
160;1,86;30;30,7;16,36;60;8,2;5,3;13,5;12,34
249;1,86;120;33,7;17,44;69,5;10,6;7,6;18,2;16,5
345;1,86;240;49,5;23,22;78,5;21,3;19,3;40,6;32,63
230;1,86;180;47,9;18,71;70;8,2;6,8;15;11,85
175;1,86;300;43,3;16,7;69;10,3;5,8;16,1;12,52
210;1,86;180;58;20,8;85;13,1;18,4;31,5;26,82
100;1,86;30;32;15,43;63,5;13,8;7,2;21;20,36
160;1,86;120;24,8;14,67;61;11,5;5,3;16,8;17,29
160;1,86;120;24,8;14,02;57;11,9;5,8;17,7;18,14
150;1,86;240;29;16,39;63;11,3;6,5;17,8;16,13
205;1,86;120;30;17,22;65;11,3;8;19,3;19,59
270;1,86;120;24;15,86;56;9,5;4,5;14;14,55
175;1,86;300;25,5;15,56;58;11,3;5,5;16,8;16,89
110;1,86;120;31;15,82;60,8;6,5;7,8;6,5;5,87
145;1,86;0;26;14,27;58;8,3;4,5;12,8;12,91
0;1,86;300;26;16,38;62;13,8;9,4;23,2;22,86
0;1,86;120;65;23,03;76;12,3;10,8;23,1;20,98
310;1,86;60;41;16,42;72;12;6,5;18,5;17,47
150;1,86;300;50;18,82;74;6,5;5,5;12;8,77
305;1,86;240;33,2;15,16;60;12;6;18;17,71
0;1,86;300;30;16,71;67;12;10,6;22,6;19,68
180;1,86;120;37,1;18,93;70;19,8;19;38,8;29,61
350;1,86;180;55,5;24,34;80;12,6;15;27,6;22,72
260;1,86;120;39;16,88;67;7,5;6;13,5;13,34
370;1,86;120;48,8;21,4;78,5;23;11,5;34,5;27,59
330;1,86;480;37,3;16,36;63;6,8;5;11,8;11,56
135;1,86;210;56;21,08;79;22,8;15,2;38;30,17
405;1,86;120;26,6;15,04;58;11,5;5,7;17,2;15,57
135;1,86;180;37,4;18,04;70;26,7;10,6;37,3;31,26
0;1,86;300;32;16,56;68;11,2;6,8;18;18,01
125;1,86;480;25,3;14,09;57;6,8;4;10,8;8,48
275;1,86;120;44;20,36;77;14,2;10;24,2;22,64
140;1,86;180;25;16,8;59,5;11,5;6,6;18,1;18,8
290;1,86;360;24;15,86;60;7,5;5,3;12,8;11,61
0;1,86;60;25;14,79;56;11,5;6,2;17,7;18,44
0;1,86;180;33,5;18,38;70;25;21,3;46,3;32,08
140;1,86;120;35,6;15,82;62;7;6,5;13,5;10,34
295;1,86;60;46;19,15;69;17,5;7;24,5;20,17
155;1,86;240;54,6;19,35;80;14,5;11,5;26;23,59
120;1,86;180;54;22,48;78;22;16,5;38,5;30,39
200;1,85;180;43;18,37;73;18,2;8,3;26,5;22,95
345;1,81;120;47,1;17,09;74;11,7;9,4;21,1;19,74
183;1,81;300;39,6;19,1;67;14,1;7,9;22;19,19
290;1,81;120;33,5;15,72;68,5;11,5;7,8;19,3;19,19
0;1,81;180;41,1;17,56;71,5;8,4;7,8;16,2;15,72
0;1,81;240;37,7;14,73;68;7,3;7,5;14,8;11,65
0;1,81;240;40,8;17,66;70;9,9;7,5;17,4;13,76
0;1,81;180;58,6;18,5;75;5,5;5,9;11,4;7,73
0;1,81;240;53,5;19,18;70,5;6,2;6,3;12,5;9,3
0;1,81;120;54,3;19,94;75;5,7;8;13,7;10,14
65;1,81;120;43,8;17,11;70;7,1;5,5;12,6;10,1
195;1,81;120;33;16,37;64;7;5,8;12,8;10,61
215;1,81;420;42,5;17,02;71,5;9,8;4,7;14,5;13,65
180;1,79;120;40,4;18,7;68;15,2;7,3;22,5;20,2
285;1,79;180;36,4;19,68;73;17,8;11,5;29,3;25,15
180;1,79;120;37,4;19,93;70;15,6;10,4;26;24,29
300;1,79;120;32,4;18,6;66;10;8,5;18,5;16,17
300;1,79;180;31,6;15,45;66;4,3;4,2;8,5;5,91
160;1,79;420;66,6;25,07;94,5;23,7;35,6;59,3;32,46
345;1,79;300;52,7;18,9;73;6,8;6,4;13,2;10,03
570;1,79;120;49,9;19,01;75;11,5;9,4;20,9;19,37
660;1,79;120;38,7;17,67;74,5;16,2;13,4;29,6;26,75
195;1,79;120;36,8;16,58;65;13,3;6,7;20;17,2
335;1,79;300;50;18,59;73;6,5;7,3;13,8;10,94
420;1,79;360;53,8;22,98;84;16,8;14,5;31,3;27,1
0;1,79;120;33,5;16,38;61;12,3;5,4;17,7;14,04
145;1,79;180;26,7;18,24;65,5;18,5;9,3;27,8;24,56
365;1,79;150;21,5;13,33;53;6,8;3,2;10;9,9
56;1,79;170;39,1;17,15;70;11,4;11,9;23,3;22,54
570;1,79;120;37,2;15,09;63,5;7,6;3,4;11;10,7
215;1,79;120;56,5;17,63;80;7,8;6,6;14,4;11,25
185;1,79;360;67,9;25,25;97;17;27,4;44,4;32,48
0;1,79;120;59,9;23,11;81;9,3;11,8;21,1;17,04
410;1,79;210;80,8;25,79;95;20,6;16,2;36,8;29,63
0;1,79;120;108,5;31,36;115;22,5;34,6;57,1;31,86
240;1,79;240;34,7;16,97;66,5;15,6;7,8;23,4;22,62
95;1,79;180;41,5;17,5;68;9,5;5,2;14,7;12,25
150;1,79;120;49,2;19,96;77;9,3;7,5;16,8;15,69
275;1,79;240;52;22,51;78;21,8;24,3;46,1;33,13
245;1,79;240;30;15,31;61,5;9,5;7;16,5;14,61
205;1,79;180;35;16,88;68,5;13;8;21;20,66
150;1,79;60;31;18,34;65;12,2;7,2;19,4;17,57
115;1,79;180;32,6;18,16;64;7,6;7,1;14,7;13,15
300;1,79;180;44,8;18,89;74;15,4;8,1;23,5;22,4
240;1,79;60;38;16,89;68;11,5;8;19,5;17,36
215;1,79;300;44;19,3;76;16,4;10,5;26,9;22,93
340;1,79;180;38;16,89;69;13,2;7,5;20,7;19,8
170;1,79;420;46;17,97;74;11;12,3;23,3;19,94
0;1,79;300;45,6;19,48;75,5;10,5;9,6;20,1;17,29
0;1,79;180;46;19,91;73;10,8;12,6;23,4;22,02
95;1,79;240;28;15,83;62;6,3;6;12,3;11,79
440;1,79;180;39,5;17,79;70;9,2;6,5;15,7;15,24
391;1,79;180;38,3;18,22;71;20,3;11,5;31,8;28,1
145;1,79;420;58,7;22,93;86;18,8;20;38,8;30,71
400;1,79;240;43,4;20,64;75;11,8;9,4;21,2;17,83
95;1,79;300;59;21,94;84;15;13,5;28,5;23,03
120;1,79;180;26;14,27;61;10,5;6;16,5;17,01
185;1,79;420;26,3;16,05;58;10,2;11;21,2;19,53
180;1,79;120;33,2;16,7;61,5;7,9;5,2;13,1;10,93
235;1,79;120;45,5;21,06;80;25,7;18,8;44,5;33,61
510;1,79;120;47,3;18,48;69;10,5;6,8;17,3;16,36
400;1,79;480;96;28,98;100;25,6;25,3;50,9;31,53
510;1,79;120;40;16,65;66;5,5;7,3;12,8;10,31
155;1,79;240;43,2;17,53;74;13,2;9,5;22,7;21,76
250;1,79;180;33;18,66;63;11,5;6,5;18;16,71
115;1,79;120;42;20,83;71;12,6;15,6;28,2;26,53
275;1,79;120;39,5;19,87;72,5;27,5;10;37,5;29,35
150;1,79;480;33,6;16,2;67;13,8;6;19,8;19,33
135;1,79;240;31,4;16,02;68;7,8;6,5;14,3;14,15
305;1,79;360;52,4;20,22;80;16,8;10,5;27,3;24,51
450;1,79;180;34;20,12;69;16,8;11,5;28,3;24,89
0;1,79;120;30,5;17,24;64;12,5;7,5;20;20,5
90;1,79;120;24;14,2;60,5;6,3;5,2;11,5;9,84
220;1,79;180;30,5;16,74;66;18;10;28;24,29
300;1,79;180;26,5;13,52;59;8;5,8;13,8;13,94
255;1,79;300;32;15,43;63;9;5,5;14,5;12,35
270;1,79;240;32,5;14,44;61;8,5;6,5;15;12,85
165;1,79;360;51;21,23;88;25,5;18;43,5;33,02
475;1,79;180;45,5;20,22;78;20,5;16;36,5;30,59
210;1,79;120;58;24,14;82;19,5;15;34,5;28,49
300;1,79;0;38;15,82;69;6;5,5;11,5;8,24
360;1,75;420;42,6;17,06;71,5;9,8;6,8;16,6;15,7
105;1,75;120;27,3;16,93;63,5;15,5;6,9;22,4;22,52
160;1,75;30;32,7;16,92;67;12,3;7,3;19,6;17,45
0;1,75;180;34,1;15,57;68;10,9;5,5;16,4;16,21
215;1,75;120;39,3;18,44;68;9,8;7,8;17,6;17,04
145;1,75;120;53,2;18,41;74;6,8;6,1;12,9;9,32
105;1,75;360;55,2;20,03;76;14,4;10;24,4;22,2
90;1,75;180;43,1;17,49;69;7,2;6,6;13,8;10,94
55;1,75;120;29;15,91;63;11,3;7,5;18,8;17,44
365;1,75;240;61,7;22,12;76,5;8,2;7,9;16,1;12,52
0;1,75;180;50;20,55;76;18,3;11,3;29,6;25,85
285;1,73;240;38;19,95;73;11,2;9,5;20,7;18,4
400;1,73;180;38,1;16,71;64;11,5;6,7;18,2;15,9
0;1,73;120;31;17,26;63;9;4,5;13,5;13,64
105;1,71;240;23,3;14,45;60;8,8;6,8;15,6;14,44
105;1,71;60;29,8;16,85;64;12,8;6,6;19,4;19,97
170;1,71;300;24,2;16,53;62;6,2;5,1;11,3;9,62
120;1,71;180;38,8;19,52;76;15,8;32,5;48,3;35,21
210;1,71;60;25,3;14,3;57,5;6,5;3,9;10,4;10,74
340;1,71;30;31,8;15,77;63;13,9;6;19,9;19,71
150;1,71;180;32,3;14,75;70;13,3;10,4;23,7;22,85
575;1,71;60;33,9;17,55;64,5;12,2;5,9;18,1;15,5
145;1,71;60;38;18,58;69;13,8;9;22,8;19,54
445;1,71;360;42,7;18,48;69;11,4;8,3;19,7;16,94
210;1,71;30;52,6;18,42;72;9,2;7,3;16,5;13,31
370;1,71;300;48,4;19,64;73;11,5;6,9;18,4;15,08
330;1,71;30;47,2;18,91;75;12,4;9,8;22,2;20,46
275;1,71;300;49,9;18,78;71,5;13,8;7;20,8;19,29
220;1,71;180;32,3;15,8;63,5;10;6,5;16,5;16,31
220;1,71;300;37,3;16,8;69;10,3;8,5;18,8;18,14
720;1,71;180;44,3;17,75;74;16,8;9,4;26,2;22,13
185;1,71;240;43,9;17,59;69,5;9,3;5,8;15,1;12,65
180;1,71;120;44,1;18,36;72,5;13,5;10,4;23,9;22,01
360;1,71;120;42,5;17,02;68;8,4;7;15,4;14,14
340;1,71;240;33;17,84;64;10,4;6,5;16,9;15,69
290;1,71;360;28,4;15,82;61,5;12,3;9,2;21,5;21,48
625;1,71;180;35,2;17,71;66;12,8;7,9;20,7;17,8
180;1,71;240;50,7;18,4;81,5;18,8;11,7;30,5;25,01
95;1,71;150;70,3;24,61;83;18,8;13,2;32;27,31
480;1,71;300;48,6;17,43;77,5;14,2;7,8;22;20,09
290;1,71;60;49,9;17,89;67;6,5;6,4;12,9;9,32
0;1,71;180;30,4;16,44;62,5;14;6,5;20,5;20,63
320;1,71;180;46,5;22,74;82;23,2;23,6;46,8;32,8
280;1,71;0;47,2;19,65;69;11,5;10,8;22,3;20,74
95;1,71;0;51;21,79;78;18,8;14,5;33,3;28,05
320;1,71;240;57;21,72;88;12,4;21,8;34,2;26,43
215;1,71;180;44,5;15,58;74,5;10,1;8,3;18,4;17,18
0;1,71;360;42,3;21,58;80;19,9;11,8;31,7;28,74
0;1,71;300;35,5;17,12;68;13,2;5,9;19,1;17,31
0;1,71;180;37,6;19,46;75;17,7;18,2;35,9;31
300;1,71;240;33;17,84;65,5;7,5;7,7;15,2;13,65
110;1,71;240;30;15,75;61;7,8;3,8;11,6;9,95
155;1,71;180;25;14,57;61;11,5;9,4;20,9;20,97
180;1,71;180;34;16,63;64;10,7;6,4;17,1;16,88
110;1,71;420;33;15,07;61,5;13,5;5;18,5;16,17
220;1,71;60;41;16,85;70;11,8;13,5;25,3;24,07
0;1,71;240;24,6;15,01;56;6,8;5,4;12,2;10,58
0;1,71;300;25;15,26;56;9,6;7,5;17,1;15,48
0;1,71;360;28;16,32;59;11,3;10;21,3;19,21
120;1,71;240;46,5;18,63;72;9;7,8;16,8;14,29
245;1,71;300;45,5;17,77;71;13,8;8,3;22,1;20,37
245;1,71;180;36,6;16,27;70,5;12,4;6,5;18,9;17,83
420;1,71;240;56;21,08;76;14,3;8,5;22,8;19,14
60;1,71;240;54;23,37;86;24,5;15;39,5;32,2
35;1,71;60;32;15,01;61;9,5;5;14,5;15,05
110;1,71;180;51;22,07;80;20,5;10;30,5;25,31
115;1,71;240;39,8;18,42;70;13,5;9,5;23;22
260;1,71;240;33,8;15,02;64;10,3;5;15,3;15,15
480;1,71;300;39,8;20,31;78;19,4;14,5;33,9;29,57
425;1,71;120;49,9;20,24;83,5;23,5;25,2;48,7;32,58
465;1,71;300;51;20,96;79;11;10;21;20,36
270;1,71;300;31;14,74;63;6,3;4,5;10,8;10,48
450;1,71;300;45,6;17,81;70;16;8,5;24,5;22,47
390;1,71;180;53;19,95;74,5;11,2;7,6;18,8;15,74
240;1,71;240;57,7;18,21;73,5;5,6;5,5;11,1;7,41
375;1,71;120;63;22,06;84,5;17;18,6;35,6;27,85
0;1,71;180;45;18,03;67;9,5;5,5;15;12,55
420;1,71;240;23,8;15,99;56;7,4;4,2;11,6;9,95
240;1,71;120;33;18,66;63;14,6;7,5;22,1;21,97
195;1,71;300;50,5;19,73;64,5;10,8;38,7;49,5;34,02
320;1,71;30;36;21,3;69;25;13;38;30,27
0;1,71;180;22,5;14,87;56,5;9,7;5,3;15;13,45
255;1,71;120;22,5;14,4;60;10,5;5,8;16,3;16,82
80;1,71;240;26,7;14,65;62;8;5,5;13,5;11,04
125;1,71;180;36;16,44;70,5;10;8,5;18,5;17,87
390;1,71;180;27,7;16,91;59;6;5,5;11,5;9,24
240;1,71;300;57;22,27;85,5;17,5;18;35,5;29,8
270;1,71;120;44,5;17,38;70;8;6,5;14,5;12,05
210;1,71;180;77;25,14;95,5;25;26,5;51,5;32
385;1,71;300;43,5;18,11;73,5;13,5;12,8;26,3;23,8
140;1,69;60;20,4;14,41;51;7,8;4,3;12,1;10,88
90;1,69;180;26,7;16,04;59;11,1;5,3;16,4;15,21
0;1,69;120;53,8;18,19;71;8,1;6,5;14,6;11,75
0;1,69;60;59,1;20,94;76;5,9;8,4;14,3;10,75
0;1,69;240;38,7;17,67;72,5;12,2;6,5;18,7;18,35
0;1,69;360;55;20,7;80;15,5;10,8;26,3;23,6
225;1,69;360;55,3;19,83;80;13,6;14,2;27,8;24,66
205;1,69;180;41,3;18,6;70;11;8,5;19,5;18,76
310;1,69;180;62;26,84;90;22;32;54;33,21
220;1,69;30;34;17,1;65;10,8;6,6;17,4;15,46
150;1,69;120;23,7;15,17;56,7;10,9;5,9;16,8;17,29
0;1,69;60;27,8;16,45;51;7,5;5,6;13,1;11,93
225;1,69;60;50,2;19,37;71;7,6;5,9;13,5;9,94
425;1,69;240;49;19,14;71;5,3;5,2;10,5;7,45
210;1,69;120;48,8;19,8;76;19,9;15,3;35,2;28,85
170;1,67;240;43,2;22,04;80;19,8;18;37,8;28,48
230;1,64;120;27,6;15,6;60;12,8;5,5;18,3;16,99
150;1,64;180;27,7;15,9;61;7,4;4,6;12;10,37
60;1,64;120;26,1;16,97;56,5;8,2;6,6;14,8;13,25
330;1,64;120;26,4;14,07;56;7;4,3;11,3;9,32
75;1,64;300;49;23,96;82;20,3;23,5;43,8;33,11
120;1,64;180;29,7;15,82;65;9,3;5,2;14,5;12,05
435;1,64;120;39,6;15,86;70;10,9;5,1;16;13,53
65;1,64;300;53,9;17,6;75;10,4;7,8;18,2;15,2
240;1,64;300;54,1;19,87;73,5;12,9;7,3;20,2;18,77
125;1,64;120;30;15,75;62;11,3;7,5;18,8;18,44
370;1,64;120;26,7;15,8;62;14,4;8,8;23,2;22,16
285;1,64;120;35,3;16,56;67;8,9;6,4;15,3;15,15
235;1,64;360;55,1;22,64;82;17,9;15,8;33,7;28,87
560;1,64;240;40;15,43;67;7,3;6,5;13,8;12,94
320;1,64;180;40,1;16,69;67;9,2;5,4;14,6;11,75
420;1,64;60;25,3;15,2;56;6,2;4,2;10,4;8,64
69;1,64;120;48;23,15;82;29,3;24,6;53,9;33,5
190;1,64;120;28,3;14,44;58;8,9;5,6;14,5;14,65
145;1,64;120;47,8;19,39;80;19,3;15,9;35,2;29,95
160;1,64;60;34,9;17,55;65;6,3;4,5;10,8;8,48
480;1,64;180;29,3;16,08;60,5;7,6;5,3;12,9;10,42
480;1,64;240;39;18,81;75,5;15,2;12,4;27,6;23,12
90;1,64;300;37,2;17,69;70,5;13,4;7,5;20,9;19,97
325;1,64;30;60,9;22,1;76;8,2;8;16,2;13,02
160;1,64;360;91,7;30,29;112;27,6;40,5;68,1;30,58
82;1,64;60;49,6;19,38;76;16,8;10,5;27,3;24,31
225;1,64;300;59,6;20,62;79;14,4;13;27,4;21,88
340;1,64;120;46,7;19,19;75,5;14,6;10,4;25;20,85
300;1,64;240;28,5;16,36;64;10,8;4,6;15,4;14,24
300;1,64;60;42;18,67;71;10;9,5;19,5;16,36
50;1,64;120;40,9;19,72;76;17,9;10,4;28,3;26,59
80;1,64;240;28,2;16,95;57,5;12,4;6,3;18,7;17,35
0;1,64;420;23;14,04;57;6,9;4,1;11;9,3
100;1,64;180;51;25,65;86;22,5;22,9;45,4;32,46
0;1,64;240;22;14,54;53,5;7,5;3,4;10,9;9,19
160;1,64;180;25;16;56,5;7,3;5,5;12,8;11,61
170;1,64;120;33,4;18,33;73;21,3;22,4;43,7;34,08
220;1,64;180;40,9;18,18;72;10,4;6,9;17,3;15,06
355;1,64;180;38;17,35;70,5;12,3;8,2;20,5;17,93
190;1,64;240;37;16,01;65,5;11,2;7,5;18,7;16,35
270;1,64;120;44;21,52;85;17,8;15,3;33,1;29,54
0;1,64;120;28,5;15,41;63;5,5;5;10,5;10,85
104;1,64;120;41;20,33;75,5;22;15,8;37,8;29,18
0;1,64;60;23,7;13,6;61;5,3;8,5;13,8;12,64
160;1,64;120;31,5;16,3;65;10,5;6,5;17;17,48
0;1,64;360;23;13,82;53;9;5,6;14,6;13,05
0;1,64;240;27,8;15,96;57,5;13;8,5;21,5;21,48
0;1,64;180;41,5;17,73;72;14,3;9,5;23,8;22,33
240;1,64;240;55;20,45;76;12;9,5;21,5;18,48
115;1,64;180;32,5;15,89;66;8,5;4,8;13,3;11,13
0;1,64;240;21;12,24;56;4;9,5;13,5;13,64
270;1,64;60;28;16,07;64,5;13,2;8,5;21,7;21,94
255;1,64;300;47;22,05;85,5;29,3;33,4;62,7;32,77
285;1,64;120;28,6;15,93;64,5;16,2;8,8;25;23,55
460;1,64;300;45;20,54;75;15,8;6,5;22,3;21,44
600;1,64;120;45;19,48;73,5;17;8;25;23,55
240;1,64;420;66,5;24,72;86;39,6;19,8;59,4;32,85
320;1,64;180;49;18;75;9,2;9;18,2;17,2
400;1,64;120;27,4;15,49;58;12,4;4,9;17,3;17,76
150;1,64;180;49,1;25,41;86;21,9;21,3;43,2;31,83
170;1,64;180;38,9;18,76;72;23,8;10,5;34,3;28,09
230;1,64;240;30,4;16,44;65,5;14,7;9,5;24,2;23,24
140;1,64;180;42;17,26;71;10,5;9;19,5;18,76
190;1,64;240;37,5;16,89;73;15,5;9;24,5;20,87
180;1,64;240;41,5;16,21;68;12;8;20;18,8
235;1,64;180;36;16;66,5;10;5;15;14,85
330;1,64;120;95,2;29,71;108;23,5;37;60,5;32,35
0;1,64;120;29,5;15,05;62;11,5;7,3;18,8;19,44
210;1,64;180;31,5;17,03;63;13,2;6;19,2;17,1
0;1,64;180;33,5;15,93;65;9;7;16;13,83
130;1,64;240;30;15,75;66;17,5;13;30,5;25,61
225;1,64;480;31;15,82;63;6,5;5,5;12;11,47
310;1,64;300;31;14,35;63;5;5,8;10,8;8,48
330;1,64;120;37,5;15,61;72;10;9,5;19,5;16,76
0;1,64;180;26,5;13,52;61;12;6,5;18,5;18,17
0;1,64;420;40,2;17,87;70;17,5;12,5;30;26,7
300;1,64;240;43,5;18,11;72,5;9;9,5;18,5;17,87
390;1,64;240;53;17,92;76;7,5;8;15,5;12,34
95;1,64;180;55;20,7;75;10,5;15,2;25,7;21,37
370;1,64;120;43,5;19,33;67;7;6,5;13,5;10,64
430;1,63;180;35,5;15,78;69;9,9;5,3;15,2;12,35
265;1,63;60;22,6;15,44;57,5;8,1;4,9;13;11,82
103;1,63;60;34,6;17,65;64;11,3;7;18,3;16,29
0;1,63;60;53,5;22,85;72;15;10,2;25,2;21,7
0;1,63;240;35,8;17,51;66;8,6;4,8;13,4;10,94
70;1,63;60;43,1;19,95;74;16,5;9,8;26,3;23,8
170;1,63;180;44,6;17,64;72;7,2;4,6;11,8;8,86
0;1,63;300;57,7;20,44;74;8,1;7,9;16;13,13
200;1,63;60;37,6;15,85;68;6,1;3,5;9,6;6,45
140;1,63;120;49;18,44;72;11,5;6,3;17,8;14,83
150;1,63;120;24,4;13,19;56;7,8;4,6;12,4;12,19
445;1,6;180;27;16,74;58;8,3;4,3;12,6;11
80;1,57;180;26,3;15,8;62;8,6;5,1;13,7;14,54
210;1,57;240;25,2;15,14;57,5;7,8;6,3;14,1;12,55
40;1,57;60;40,8;20,52;80;24,6;19,3;43,9;33,74
70;1,57;120;36,5;17,6;71,5;12,4;6,9;19,3;17,19
255;1,57;120;41;19,77;71;17,5;8,9;26,4;22,88
150;1,57;300;39,4;18,23;73;15,4;10,8;26,2;22,73
140;1,57;180;34,1;16,22;65;13,5;8,9;22,4;21,52
40;1,57;420;31,5;15,62;68;10,6;7,9;18,5;17,87
270;1,57;300;35,2;17,46;65,5;9,8;6,9;16,7;13,8
135;1,57;240;47;17,91;75;7,6;8,3;15,9;12,33
215;1,57;240;31,2;15,26;61,5;9,6;6,4;16;15,83
440;1,57;360;43,4;16,95;69;12;9,2;21,2;19,83
210;1,57;60;33;17,58;63,5;13,8;6,9;20,7;18,7
285;1,57;120;35,2;17,71;69,5;10,9;6,2;17,1;15,18
270;1,57;360;34;16,4;62;6,5;4,8;11,3;9,32
205;1,57;240;29,8;14,57;61,5;6,9;4,5;11,4;9,13
77;1,57;60;66,9;26,13;91;33,7;34,6;68,3;33,53
140;1,57;240;61,3;24,25;87,5;16,4;19,3;35,7;27,5
230;1,57;300;42,8;19,02;68;7,5;7,8;15,3;14,45
180;1,57;180;76,2;24,6;87,6;12,5;13,4;25,9;21,22
345;1,57;30;55;22,03;79;21,4;17,3;38,7;30,67
585;1,57;240;44,2;15,85;69;5,8;5,2;11;7,7
480;1,57;240;65,6;23,52;88;20,3;23,3;43,6;32,25
195;1,57;180;41;15,43;70;6,5;5,2;11,7;8,75
275;1,57;120;53,6;21,47;83;17,6;13,8;31,4;25,16
240;1,57;30;38;17,12;71;12,4;6,3;18,7;18,65
0;1,57;240;31;16,28;61;6,7;5;11,7;9,75
90;1,57;60;43,6;15,82;71,5;7,8;4,9;12,7;12,21
210;1,57;180;51;19,68;77;15,2;14,3;29,5;25,98
300;1,57;60;55,2;23,58;80;14,5;23,2;37,7;28,44
295;1,57;180;59,5;22,39;86;18,8;16,4;35,2;29,05
75;1,57;180;31,3;17,96;67;15,1;7,5;22,6;22,68
80;1,57;120;21,6;13,39;52,5;6,6;4,6;11,2;9,91
100;1,57;180;24,9;16,46;59;8,4;5,9;14,3;15,5
120;1,57;300;32,1;16,61;66,5;11,7;5,5;17,2;15,57
70;1,57;180;29;14,59;63,5;13,2;7,5;20,7;20,4
90;1,57;300;32;16,8;61;7,8;5;12,8;10,91
180;1,57;180;29;15,45;63;9,5;7;16,5;16,61
145;1,57;180;40,7;23,01;81,5;26,8;17,2;44;34,47
150;1,57;60;31;16,76;61,5;9,2;4,3;13,5;11,94
285;1,57;180;42;18,67;71;16,5;10;26,5;24,95
120;1,57;180;25;16;62,5;6;11,2;17,2;17,97
135;1,57;300;28,5;15,41;64;8;4,7;12,7;13,51
210;1,57;180;35;15,35;65,5;8;4,5;12,5;10,6
0;1,57;30;29;15,45;62;12,2;7;19,2;18,8
370;1,57;180;43;18,61;76,5;18,2;10;28,2;25,83
150;1,57;300;66;23,11;75;13;10,2;23,2;19,46
0;1,57;240;46;18,66;67;12;8,7;20,7;19,8
215;1,57;420;99,3;35,61;114;27,8;44,2;72;31,39
0;1,57;60;32;15,22;64;6;9,5;15,5;13,34
360;1,57;180;32;16,33;63;8,2;5,5;13,7;14,24
90;1,57;360;25,8;16;59;12,3;5,3;17,6;18,04
275;1,57;0;25,8;15,27;59;12,4;4,8;17,2;17,67
220;1,57;180;27,5;15,78;62;17,9;9,5;27,4;25,58
260;1,57;240;46;16,69;76;15,2;6,5;21,7;20,94
280;1,57;480;31,7;15,08;63;9;4,5;13,5;11,34
465;1,57;180;50;20,81;80;19,3;13,2;32,5;28,2
240;1,57;360;57,6;27,02;88;31;21,5;52,5;32,8
375;1,57;60;57,6;24,29;83;32,4;17,3;49,7;32,05
300;1,57;360;49,9;17,89;75;10,4;5,7;16,1;13,22
430;1,57;300;52,6;20,55;83;25,1;18,2;43,3;32,56
190;1,57;300;39,4;17,28;67;7,3;6,3;13,6;12,74
180;1,57;420;43,5;16,37;68;15,2;8,9;24,1;22,57
115;1,57;480;40,5;17,76;63;7,4;5;12,4;9,49
360;1,57;120;48,8;24,55;87;31,4;23,9;55,3;33,86
430;1,57;240;85;31,22;102;49,6;55,7;105,3;6,4
440;1,57;300;44,5;22,07;79;25,6;22,3;47,9;34,43
330;1,57;300;67,7;26,45;81;33;13,5;46,5;31,13
270;1,57;360;49,5;18,86;76;13,5;8;21,5;18,08
240;1,57;180;57,5;19,21;79,5;9;7,8;16,8;13,89
390;1,57;30;38;19,67;73;18;13;31;28,62
330;1,57;120;27;14,81;61;8,3;7;15,3;16,15
0;1,57;60;34,5;16,87;66;10;6;16;16,13
155;1,57;120;25;14,79;62;10,5;8,5;19;19,32
0;1,57;180;28;15,36;62;10;12,5;22,5;19,9
210;1,57;420;44,5;20,88;73;10;11,2;21,2;20,53
0;1,57;360;62,2;27,64;93,5;40;52;92;20,23
0;1,57;260;54,5;20,77;82;16,5;9;25,5;20,92
200;1,57;240;38;16,45;70;8,5;5,7;14,2;11,75
0;1,57;240;49;18,44;77,5;16,5;23,5;40;31,4
0;1,57;120;47;20,89;81,5;20,5;16,5;37;30,12
480;1,57;180;50;19,53;75;15;10;25;22,85
215;1,57;180;45,7;17,85;67;9;6,5;15,5;13,04
260;1,57;60;38;16,89;68;13;6,5;19,5;16,76
210;1,57;180;58;22,66;84;18,5;29,5;48;33,55
225;1,57;120;49,5;19,34;73;10;6,5;16,5;12,91
0;1,57;180;43;16,8;71;8;5,5;13,5;10,34
110;1,57;420;55;22,89;82;18;12;30;25,9
210;1,57;180;59;24,24;88;28,5;18;46,5;33,03
0;1,56;120;32,9;20,08;71,5;11,8;11,3;23,1;23,08
0;1,56;60;36,2;17,46;69,5;17,5;7,1;24,6;23,55
0;1,56;180;63,8;25,88;87;17,4;18,9;36,3;29,79
0;1,56;60;62,2;24,6;96;19,5;33,4;52,9;34,03
50;1,56;180;72,6;20,76;77,8;6,8;8,4;15,2;11,65
220;1,56;180;39,1;16,92;66;4,4;3,9;8,3;6,78
0;1,56;360;41,4;17,92;70;10,6;10,2;20,8;19,49
110;1,56;60;43,2;19,2;74;13,8;7,5;21,3;18,31
0;1,56;120;27,3;15,43;65;9;5,8;14,8;15,65
0;1,56;120;23,5;14,8;54;9,8;6,6;16,4;15,21
0;1,56;180;33;17,33;65;10,9;7,9;18,8;17,44
55;1,56;60;26;15,62;64;11;4,9;15,9;14,73
25;1,56;240;23;14,49;55;9,8;5,6;15,4;16,24
150;1,56;180;42;16,41;73;6;5,9;11,9;8,67
590;1,53;240;37,9;15,18;65;10,3;5,8;16,1;15,92
155;1,53;120;44;16,56;73;10,8;11,5;22,3;20,74
185;1,53;150;37,9;14,62;63;7;6,4;13,4;13,24
660;1,53;120;30,9;16,71;62,5;8,9;5,5;14,4;12,85
210;1,53;180;26,1;15,44;60;10,5;6,6;17,1;17,58
0;1,5;120;22,5;14,4;59;10,6;5,2;15,8;16,63
240;1,5;120;33;18,11;68;18,4;10,4;28,8;24,83
145;1,5;120;45,3;22,15;80;22,4;19,6;42;33,13
165;1,5;120;55,2;25,2;87;28,4;28,2;56,6;35,57
360;1,5;300;40,2;18,6;73;16,1;9,5;25,6;22,3
0;1,5;240;32,8;17,22;65;12,3;7,4;19,7;16,94
270;1,5;420;39,8;16,78;71;11,8;7,5;19,3;18,19
300;1,5;180;42,7;18,24;71;9,8;6,4;16,2;12,62
240;1,5;120;39,9;18,46;70,5;17,5;10,5;28;23,99
160;1,5;180;27,9;15,31;63;10,2;6,5;16,7;16,5
205;1,5;180;45,5;16,51;72;16,7;10,5;27,2;24,84
130;1,5;240;41,4;18,65;70;12,5;7,9;20,4;17,55
210;1,5;180;53,9;22,15;82;16,3;16,4;32,7;27,91
360;1,5;240;55,3;21,33;84;18,2;10,3;28,5;23,33
120;1,5;120;32,6;18,16;63;9,3;5,3;14,6;12,75
320;1,5;180;38,7;19,19;73;19,3;17,9;37,2;29,21
300;1,5;300;27,6;15,84;57;7;4,8;11,8;9,86
250;1,5;120;45,3;18,86;69,5;9,5;5,5;15;12,55
155;1,5;120;32,6;15,94;61,5;9,2;5,3;14,5;12,05
80;1,5;240;39,9;15,02;67;8,6;6,1;14,7;14,25
490;1,5;180;38,4;15,78;65;7,3;4,2;11,5;8,94
335;1,5;300;40;17,54;69;8,5;6,2;14,7;13,65
0;1,5;180;23,8;15,99;59;6,8;4,5;11,3;10,02
0;1,5;60;25,8;15,5;60;8,1;4,5;12,6;11,4
60;1,5;120;26,8;15,38;60;7,3;4;11,3;9,32
305;1,5;120;32,9;16,79;66;11,8;5,9;17,7;17,44
70;1,5;180;34;15,31;66;10;6,6;16,6;13,4
0;1,5;180;51,4;19,59;76,5;18,5;16,5;35;28,75
100;1,5;240;57,7;19,28;81,5;5,4;5,9;11,3;8,02
195;1,5;180;50;22,83;81;27,8;16,5;44,3;33,86
0;1,5;60;27,5;14,44;58;8,8;4,5;13,3;13,43
0;1,5;30;23,6;15,1;57;7,8;5,7;13,5;12,34
280;1,5;120;50;21,36;80;19,8;13,9;33,7;28,27
75;1,5;60;37,2;16,98;65,5;7,3;4,5;11,8;8,56
150;1,5;420;46;19,65;78;13,4;12,3;25,7;22,97
90;1,5;0;26,2;14,81;57;9;4,5;13,5;11,64
85;1,5;120;27,2;13,49;65,5;4,8;11,2;16;15,83
260;1,5;180;36,6;16,94;67;14,3;6,2;20,5;19,93
200;1,5;180;47,4;17,41;75,5;9,8;5;14,8;12,35
180;1,5;120;45;18,03;68;12,6;8,5;21,1;21,14
180;1,5;240;45,4;17,51;70;10,5;6;16,5;12,91
0;1,5;120;22,5;12,72;58;7,9;5,5;13,4;13,94
0;1,5;120;32;16,1;63,5;12,4;7,9;20,3;20,06
120;1,5;180;35,3;19,09;70;14,5;8,1;22,6;20,28
145;1,5;180;26,1;15,21;58;7,8;3,8;11,6;12,05
80;1,5;180;32;16,33;65,5;14,4;8;22,4;19,82
168;1,5;420;42;18,67;71;16,9;7,5;24,4;21,1
0;1,5;180;29;14,8;58;9;5;14;12,15
180;1,5;180;30;14,88;58,5;10,3;5,5;15,8;15,93
150;1,5;240;49;19,88;77;15,8;13,7;29,5;26,38
235;1,5;180;64,9;26,67;90,5;18,3;32,9;51,2;34,26
80;1,5;0;29;17,98;66;16,2;9,3;25,5;24,62
240;1,5;180;48,3;22,66;80;29,6;16,5;46,1;32,03
450;1,5;180;41,5;16,62;70;11,5;6,9;18,4;17,18
265;1,5;180;54,7;18,71;79;13,9;12,8;26,7;24,09
0;1,5;200;29,4;16,37;63;10,6;5,7;16,3;16,82
100;1,5;360;21,3;13,63;56,5;9,2;4,5;13,7;14,54
190;1,5;180;27,4;15,26;61;10,2;5;15,2;15,75
168;1,5;180;23;14,04;56;8;4;12;12,47
240;1,5;180;31;16,76;67;17,7;10,3;28;25,69
140;1,5;120;37;16,67;69;10,5;7;17,5;17,55
480;1,5;180;43,9;18,04;72,5;16,8;10;26,8;24,86
0;1,5;180;30,2;17,87;66;14;9,5;23,5;23,4
210;1,5;240;21,5;16,26;55;7,2;4;11,2;9,91
55;1,5;180;26;16,12;65,5;14;9,8;23,8;23,63
0;1,5;240;24,7;15,31;59;13,8;6;19,8;17,93
0;1,5;180;28,6;15,24;61;8;5,5;13,5;13,64
0;1,5;420;30,5;14,51;60;11;6,5;17,5;17,55
130;1,5;0;34,2;16,04;66;14,8;7,5;22,3;21,44
0;1,5;240;52,5;18,82;72;8;6,8;14,8;11,25
205;1,5;180;28,5;14,75;58;12;6;18;17,41
120;1,5;180;42;17,48;70;8;5,5;13,5;10,64
75;1,5;420;43;15,79;66,5;8,5;7,5;16;14,93
200;1,5;180;62;23,34;92;18;23,5;41,5;31,56
210;1,5;240;62;21,45;79;18,9;10,8;29,7;25,71
105;1,5;300;48;18,75;75;13;10,5;23,5;21,3
240;1,5;300;77;26,64;96;21;15;36;26,95
240;1,5;60;64,5;19,26;76;7,3;8,5;15,8;12,23
310;1,5;420;44;18,31;74;14;8,5;22,5;20,7
210;1,47;240;27;13,78;60;11,9;4,5;16,4;15,51
135;1,44;180;19,3;14,85;52;8,2;5,3;13,5;14,04
0;1,44;120;20,8;14,21;52;7,8;3,9;11,7;10,05
170;1,44;60;36,2;16,75;66;10,5;6,5;17;14,48
0;1,44;360;67,6;21,82;94;17,1;12,5;29,6;24,05
0;1,44;60;31,7;14,47;60;10,5;5,1;15,6;12,74
105;1,44;360;47,9;18,03;66;7,4;7;14,4;11,55
0;1,44;300;52;16,41;78;6,6;5,8;12,4;9,49
0;1,44;180;78,4;31,41;99;27,8;36,4;64,2;33,41
80;1,44;120;56,8;20,86;71;12,6;9,8;22,4;18,52
90;1,44;180;45,2;19,31;72;6,9;5,8;12,7;9,51
50;1,44;120;68,9;23,56;78;10,6;10,1;20,7;17,1
190;1,44;60;44,6;19,3;70;10,2;15,8;26;23,39
70;1,44;60;27;14,81;58;8,5;4,9;13,4;12,24
105;1,44;120;29;17,98;65;17,3;13,4;30,7;28,44
270;1,44;180;47,5;19,03;68;11,6;6,3;17,9;14,62
190;1,44;360;53,2;22,14;83;19;14,1;33,1;27,94
170;1,44;180;31;14,95;65;12;5,4;17,4;15,76
135;1,43;120;37,1;19,48;71,5;20,5;25,7;46,2;32,66
135;1,43;300;28,5;15,87;59;8,9;4,3;13,2;11,33
105;1,43;120;57,1;22,3;87;12,8;28,8;41,6;32,39
180;1,43;120;35,3;16,12;64;9,8;7;16,8;16,29
190;1,43;240;48,3;17,32;70;13,8;8,5;22,3;20,54
150;1,43;360;49,9;17,68;71;5,1;5,5;10,6;7,26
180;1,43;240;62,7;23,03;88;13,6;21,8;35,4;29,15
150;1,43;120;38,9;15,98;66;10,8;7,9;18,7;17,25
270;1,43;120;57,7;20,44;76;8,7;6,8;15,5;12,64
240;1,43;360;63;26,91;87;28,5;27;55,5;32,56
0;1,43;120;33,9;18,33;66;10,9;4,9;15,8;14,23
210;1,43;120;35,5;19,48;74;25,6;22,8;48,4;33,13
330;1,43;30;24,7;13,16;56,5;11,5;4,6;16,1;14,52
210;1,43;120;36,8;18;70;12,3;9,8;22,1;19,57
210;1,43;300;46,2;21,97;77;17,5;11,8;29,3;26,85
110;1,43;240;50,6;19,04;81;14,2;13,2;27,4;24,58
330;1,43;240;46;18,43;74;13,9;13,2;27,1;24,17
1;1,43;180;46,7;17,36;78;9,7;9,1;18,8;17,54
80;1,43;120;76,7;29,23;105;28,5;34,8;63,3;33,77
65;1,43;60;48,7;18,56;74;12,5;7,7;20,2;18,57
90;1,43;360;91,3;32,74;107;25,3;38,5;63,8;33,48
210;1,43;240;50,7;17,96;72;6,4;7,8;14,2;10,65
80;1,43;120;21,5;14,45;56;10,4;5,8;16,2;17,02
65;1,43;20;56,8;35,78;61,5;11,5;5,8;17,3;17,36
35;1,43;120;28;15,14;60;6,7;4,9;11,6;9,65
300;1,43;240;36,5;17,12;67;7,2;6,1;13,3;12,83
155;1,43;180;63,5;24,5;92;27,8;25,5;53,3;34,46
135;1,43;60;45,9;16,46;72;5;4,8;9,8;5,98
300;1,43;180;90,9;32,21;104;34,5;42,2;76,7;29,15
0;1,43;240;53;17,51;69;4,7;5,6;10,3;6,93
60;1,43;180;21,1;12,3;52,2;7,1;5,9;13;13,82
240;1,43;180;27,2;16,6;56,5;8,9;4,9;13,8;12,64
210;1,43;120;42,3;21,28;79;17,2;15,1;32,3;29,09
152;1,43;120;52,3;23,24;85;19,5;20,5;40;32,8
0;1,43;300;26,5;15,68;61;9,5;9,4;18,9;18,83
90;1,43;120;32;14,81;63;6,3;4,5;10,8;10,78
380;1,43;180;35,2;15,04;64;9,5;7;16,5;16,31
0;1,43;240;50;21,64;84,5;19,3;33,4;52,7;33,12
35;1,43;420;41;16,02;67;8,5;7,4;15,9;15,73
0;1,43;240;37,5;18,08;69;10;9,5;19,5;17,36
0;1,43;240;26,5;13,52;61;8,5;5;13,5;13,64
1;1,43;300;26;15,62;57,3;8,2;7,2;15,4;15,94
230;1,43;180;49;20,13;65;12;15,7;27,7;25,19
80;1,43;300;45,3;18,38;74;13;10,2;23,2;21,26
85;1,43;180;50,5;18,55;80;13,5;10,5;24;21,69
110;1,43;120;39;17,33;68;11,3;9;20,3;17,76
300;1,43;180;37,5;17,59;69;11,3;7,8;19,1;18,71
110;1,43;240;39,7;18,62;71;18;7,2;25,2;24
180;1,43;240;31,8;15,55;64;11,3;5,5;16,8;14,89
200;1,43;60;47;21,46;84;27,7;18,2;45,9;31,98
300;1,43;120;41,8;16,33;69,5;9;8,6;17,6;15,64
180;1,43;120;29,8;17,1;65,5;17,8;8;25,8;24,44
420;1,43;360;53;25,92;91;39;44;83;26,68
285;1,43;240;36;16;66;8,3;6,5;14,8;14,65
360;1,43;180;47;20,89;85;14,7;24,5;39,2;31,78
105;1,43;360;33;17,33;52,5;6,5;18,7;25,2;21,7
180;1,43;480;61,4;25,56;98;35,6;24;59,6;34,23
270;1,43;180;36,7;16,1;63,5;9,6;6,5;16,1;15,22
420;1,43;180;51,6;21,48;77;16,8;10,3;27,1;24,37
330;1,43;180;31,6;17,6;65;13,3;9,5;22,8;22,84
300;1,43;180;36,3;18,52;67;11,7;6,5;18,2;16,9
360;1,43;300;27,4;15,49;66;10,1;7,1;17,2;14,97
70;1,43;120;41,7;21,28;79;22,3;17,4;39,7;30,98
390;1,43;180;31,5;17,03;64;9,3;5,5;14,8;13,25
190;1,43;120;34,2;17,45;68;9,5;7,8;17,3;17,36
140;1,43;360;37;16,44;72;10;7;17;17,08
350;1,43;240;37;17,84;69,5;16,8;8,5;25,3;23,77
250;1,43;120;34,5;16,41;61;6,6;5;11,6;10,65
290;1,43;360;45,7;19,27;69;11,8;7,5;19,3;15,89
390;1,43;180;42;18,67;75;13;13,6;26,6;23,82
210;1,43;360;45;17,58;77;17;12,5;29,5;25,98
310;1,43;180;53;19,95;85;15,2;12,7;27,9;24,92
290;1,43;300;54;22,48;79;23;21,5;44,5;32,91
180;1,43;180;48,5;16,78;73;6;5,5;11,5;8,24
345;1,43;240;49,5;20,6;75;12;10,5;22,5;19,3
150;1,43;180;34,5;18,12;66;12,9;9;21,9;20,11
0;1,43;120;33,4;18,33;69;20,5;10,8;31,3;28,8
330;1,43;120;30;14,67;62;11,5;5;16,5;16,61
50;1,43;180;24,5;14,06;58;8;4,5;12,5;12,6
0;1,43;180;32,5;19,23;70;14,2;12;26,2;24,73
360;1,43;420;43,2;21,13;77;27;43;70;33
90;1,43;490;45;17,15;71;7;6,5;13,5;10,34
0;1,43;180;43,5;19,33;78;29;12,2;41,2;29,55
210;1,43;300;42;18,67;74;23;11;34;27,03
120;1,43;60;45;20;80;14,5;15,5;30;24,3
210;1,43;180;61;19,92;85;23,5;12,5;36;27,35
270;1,43;420;56,5;23,52;82;21,5;15,5;37;29,72
195;1,43;240;52;21,64;79,5;33;13,8;46,8;33,3
90;1,43;60;49;18,44;79;17,5;9;26,5;23,55
150;1,4;30;37,8;18,75;69,5;14,6;6,8;21,4;18,99
215;1,4;180;25,7;16,19;59,5;7,9;4,8;12,7;13,51
105;1,38;180;29,8;18,19;63;10,3;6,3;16,6;15,4
70;1,38;60;22,7;16,03;55;6,8;4,9;11,7;10,45
100;1,38;120;29,3;16,32;60;10,5;5,6;16,1;14,52
0;1,38;120;23,8;13,45;57;7,8;4,1;11,9;10,27
100;1,38;180;50,9;22,62;83;17,2;18,9;36,1;28,1
0;1,38;240;64;21,14;79;9,4;7,8;17,2;13,57
0;1,38;360;89;28,73;100;15,5;28,8;44,3;30,16
0;1,38;420;68,2;26,31;92;11,8;19;30,8;26,6
0;1,38;60;59,8;23,07;88;21,8;24,4;46,2;30,66
95;1,38;120;41,3;16,34;65,6;10,8;7,4;18,2;17
120;1,38;60;54,7;19,38;82;8,1;8,2;16,3;12,72
200;1,38;240;48,5;19,68;69;8;6,4;14,4;11,55
120;1,38;180;49;20,66;76;13;7,8;20,8;16,79
60;1,38;360;43,6;16,01;73;5,2;5,4;10,6;9,56
140;1,38;60;35,7;16,98;65;8,9;4,9;13,8;13,34
90;1,38;240;30;16,46;63;11,3;5,8;17,1;15,88
0;1,38;120;22;14,78;56;8,2;5,3;13,5;12,34
105;1,38;120;54;19,83;79;13,8;11,6;25,4;22,75
55;1,38;120;24,2;15,74;62;11,5;6,8;18,3;18,99
90;1,36;120;26,1;15,68;57,5;10,5;4,5;15;13,85
75;1,36;180;24,8;14,9;57;8,1;4,4;12,5;11,3
160;1,36;180;37,6;22,95;74;23,2;15,2;38,4;30,45
90;1,36;120;28,4;16,06;59;11,4;5,9;17,3;17,76
75;1,36;120;28;16,32;61;9,3;5,6;14,9;13,35
230;1,36;300;27,8;14,6;62;13,6;7,9;21,5;21,08
40;1,36;180;30,2;15,86;61,5;6,4;5,6;12;11,77
90;1,36;180;23,3;14,91;55,5;6,2;4,2;10,4;10,04
275;1,36;420;44,6;19,56;73;12,7;7,3;20;16,8
220;1,36;360;49,5;17,75;70;7,8;6,5;14,3;11,15
360;1,36;300;42;19,98;75;12,3;15,2;27,5;24,25
90;1,36;180;31,3;15,97;65,5;7,2;4,8;12;9,77
160;1,36;180;32,1;13,02;61,5;7,4;4;11,4;11,13
225;1,36;240;107,6;39,05;127;37,8;57,8;95,6;15,79
360;1,36;360;54,1;20,87;73;6,5;8;14,5;10,95
35;1,36;60;33,2;19,35;74;19,8;19,5;39,3;30,82
270;1,36;120;38,5;19,64;70;13,5;7,8;21,3;18,91
40;1,36;300;34,2;15,4;62;6,8;4,6;11,4;9,43
90;1,36;230;30,9;16,46;62;11,4;5,1;16,5;14,61
250;1,36;120;39,1;17,15;67;9,5;7,4;16,9;16,69
480;1,36;60;33,6;17,64;63,5;16,5;7,3;23,8;22,63
0;1,36;300;48,7;21,64;75,5;9,8;9,4;19,2;16,8
330;1,36;120;41,9;17,22;68;6,4;5,3;11,7;9,15
95;1,36;180;50,8;23,19;81,5;18,3;17,6;35,9;28
150;1,36;120;45,6;18,5;73;13,8;13,5;27,3;24,51
405;1,36;360;41,7;17,58;70;9,4;8,8;18,2;17
120;1,36;120;52,3;21,22;79;18,2;15,8;34;28,43
90;1,36;120;54,1;24,04;79;17,5;16,8;34,3;28,59
100;1,36;90;51,4;21,12;80;16,7;13,4;30,1;25,96
60;1,36;360;57,5;18,78;78,5;17,7;8,7;26,4;23,48
370;1,36;180;60,4;20,9;78,5;4,7;8,8;13,5;9,94
195;1,36;240;46,5;18;74,5;18;10,3;28,3;23,19
40;1,36;120;20;14,36;54;7,2;4,9;12,1;12,88
130;1,36;180;28;15,83;60;8,2;5,9;14,1;12,55
300;1,36;180;20,6;14,07;57;4,4;5;9,4;7,53
80;1,36;360;36;16,66;72,5;13,8;7,5;21,3;18,61
230;1,36;120;30,6;13,6;66;8,9;5,5;14,4;13,55
80;1,36;120;42;18,18;73;15,3;8,5;23,8;22,33
90;1,36;420;33,5;15,09;63;11,8;6,2;18;16,31
0;1,36;240;32,8;16,98;64;8,5;6;14,5;15,05
0;1,36;180;57;31,28;59;9,5;6,5;16;16,53
0;1,36;180;23;14,96;58;15,5;4,5;20;20,2
130;1,36;120;29,4;16,87;59;14;11,1;25,1;24,32
350;1,36;180;29,9;15,7;58;10,1;7,9;18;18,41
100;1,36;180;43,2;19,2;76;20,5;21,7;42,2;32,9
40;1,36;240;31;18,34;66;14,5;10;24,5;23,47
135;1,36;420;36,5;18,62;73;17,8;12,5;30,3;27,49
75;1,36;240;49;20,4;80;16,7;16,8;33,5;27,36
200;1,36;420;41;20,92;78;26,5;19;45,5;34,18
90;1,36;180;43;22,91;82;17;14;31;26,22
120;1,36;180;48;19,23;73;20,9;14;34,9;30,1
95;1,36;240;31;14,74;66;8,5;7;15,5;15,64
0;1,36;240;27;15,98;57;10;5,8;15,8;16,33
0;1,36;120;46,5;19,86;69;12,3;9,8;22,1;20,97
90;1,36;240;45;20;72;10,5;11;21,5;20,78
105;1,36;180;32;15,87;63;7,6;4,5;12,1;8,48
180;1,36;60;57;19,05;78,5;7,4;5,5;12,9;9,32
180;1,36;240;63;25,24;92;19,7;33,5;53,2;33,16
0;1,36;180;35;17,12;64;9,5;7,3;16,8;14,89
200;1,36;240;38;17,35;72;12,8;6,8;19,6;17,15
170;1,36;240;25,4;13,73;60;9,3;5;14,3;14,45
225;1,36;360;31;17,79;66;14;8;22;21,49
245;1,36;420;27,7;16,39;63,5;13,8;9,5;23,3;22,54
240;1,36;240;33,4;18,06;70;13,5;9,7;23,2;20,16
145;1,36;120;31;15,16;62;5,9;4;9,9;7,49
1;1,36;420;45,7;19,78;74;12,8;10,5;23,3;20,24
180;1,36;60;29,7;14,52;62;5,5;18,7;24,2;22,94
330;1,36;420;39,5;20,15;74;16,2;10;26,2;24,43
390;1,36;180;72,8;28,44;90;40;37,8;77,8;27,7
300;1,36;480;41;18,97;67,5;12,3;8,5;20,8;17,89
270;1,36;240;87,2;35,83;105;41,3;45,5;86,8;22,97
90;1,36;120;92,6;28,9;99;19,9;20;39,9;28,66
45;1,36;240;47,9;20,2;80;17,4;14,4;31,8;27,4
375;1,36;240;42;15,43;70;12,3;5,4;17,7;15,14
0;1,36;300;35,6;14,82;66;9,9;7,8;17,7;16,54
330;1,36;120;42,8;20,93;76;19,9;12,5;32,4;29,14
70;1,36;60;29,2;17,28;59;10,9;4,7;15,6;15,74
30;1,36;180;28,3;16,75;62;10,5;6,9;17,4;15,76
95;1,36;300;23,3;14;57;7,5;3,9;11,4;10,13
240;1,36;240;24,5;15,93;56;13,1;4,3;17,4;16,16
85;1,36;240;26,8;15,38;62,5;15,2;6,9;22,1;22,27
50;1,36;120;34,2;17,96;71,5;17,7;7,8;25,5;24,62
140;1,36;300;23,3;15,15;55,5;8,5;5;13,5;14,34
200;1,36;60;26,4;16,11;60;18;7,3;25,3;24,77
420;1,36;360;28;16,07;61,5;11;6,2;17,2;15,57
240;1,36;120;43,3;21,78;78,5;24,5;14,5;39;32
0;1,36;240;33,9;17,05;67;22,4;9,5;31,9;28,45
240;1,36;180;42;19,17;75;17,4;11,8;29,2;26,49
165;1,36;120;54;19,6;79;12,8;9;21,8;20,13
0;1,36;300;18,7;13,66;52;10,5;5,5;16;16,83
155;1,36;300;22,5;13,31;58;11,5;6,5;18;18,41
175;1,36;420;33;19,53;73;21,5;12,5;34;30,03
120;1,36;240;50;21,08;80;11,5;10;21,5;18,08
95;1,36;180;33,5;13,94;64,5;6,5;5,5;12;9,47
180;1,36;180;65,7;23,56;90;20;27,2;47,2;30,89
175;1,36;420;38;16,89;70;6,5;6;12,5;9,6
95;1,36;180;35,2;15,64;63;6,5;4,5;11;8
240;1,36;240;54,5;21,29;80;15,3;14;29,3;25,65
165;1,36;360;38;15,82;72;9;8,5;17,5;16,95
220;1,36;180;55;20,2;82;20,5;13,5;34;28,43
105;1,36;180;48,5;18,25;72;13;10,5;23,5;21,7
120;1,36;300;67;24,02;87,5;23,8;20,5;44,3;32,46
150;1,36;0;88;34,38;109;42;43,5;85,5;23,9
120;1,36;420;49,5;18,18;75;15;8,5;23,5;21,3
0;1,31;120;26;15,38;58;9,3;5;14,3;13,15
0;1,31;120;51,2;22,46;82;19,3;15,4;34,7;28
80;1,31;60;42,8;18,52;73;10,8;9,8;20,6;17,32
100;1,31;360;52,2;20,39;78;11,3;8,2;19,5;17,96
0;1,31;240;48,8;17,71;76;12,3;9,4;21,7;20,04
0;1,31;60;65,4;24,02;87;20,4;17,9;38,3;30,3
95;1,31;360;43;17,44;77,5;9,9;10;19,9;17,11
90;1,31;120;46,3;21,43;53;12,8;9,9;22,7;21,46
0;1,31;120;33,2;18,22;70;9,3;4,9;14,2;15,05
100;1,31;360;53,3;21,35;76;19,4;11,3;30,7;24,44
170;1,31;120;40;16,65;69;11,6;6,6;18,2;17
80;1,31;240;51,5;22,89;85;24,3;19,9;44,2;32,63
90;1,31;180;53,3;19,82;78;15;13,1;28,1;24,66
90;1,29;240;31,6;18,99;67;15,6;9,9;25,5;24,92
150;1,29;90;25,7;15,93;57;7,9;5,2;13,1;11,92
130;1,29;300;25,1;14,41;59;9,3;4,8;14,1;12,95
85;1,29;240;26,7;14,87;61;5,2;4,3;9,5;7,64
75;1,29;180;44,5;20,88;79,5;16,1;12,4;28,5;24,33
60;1,29;240;50;22,22;87,5;20,5;29,6;50,1;35,11
195;1,29;300;34;18,38;66;11,8;8,9;20,7;18,4
140;1,29;180;40,8;21,12;70;23,8;12,2;36;30,65
30;1,29;360;39,2;19,44;69;8,2;6,3;14,5;14,35
240;1,29;240;62,8;24,84;94;34,5;29,6;64,1;33,83
150;1,29;300;53,7;19,25;74;10,4;8,5;18,9;15,53
115;1,29;60;52,1;21,69;82;18,8;17,2;36;30,35
195;1,29;90;34,9;19,73;73;18,3;14,2;32,5;29,5
60;1,29;240;28,6;14,8;62,5;7,3;4,3;11,6;10,35
180;1,29;120;31,9;17,25;62;6,5;6,4;12,9;13,72
120;1,29;120;33;16,14;70;12,5;12,7;25,2;24,4
80;1,29;180;26,6;14,17;57;9,6;5,4;15;15,55
120;1,29;60;29,9;15,7;59;6,1;4,3;10,4;8,64
60;1,29;120;29,3;14,74;60;7,5;4,4;11,9;11,97
120;1,29;240;31,1;16,33;62;9,3;5,1;14,4;12,55
99;1,29;180;42,6;20,54;73;9,1;8,2;17,3;15,06
420;1,29;180;50,9;20,39;77;9,1;8,4;17,5;17,25
300;1,29;360;79,5;33,96;101;38,2;41,2;79,4;28,54
360;1,29;60;41,6;21,22;71;14,3;9,4;23,7;20,25
60;1,29;60;45,3;19,1;66;9,3;7,4;16,7;14,2
60;1,29;180;37,9;18,8;69;11,8;6,5;18,3;15,29
220;1,29;60;42,1;18,96;74;13,6;11,2;24,8;22,7
60;1,29;420;45,4;19,65;79;15,4;9,8;25,2;23
60;1,29;120;43,4;18,3;74;13,9;11,7;25,6;23,3
120;1,29;120;60,9;23,21;88;24,9;14,2;39,1;30,84
162;1,29;360;60,3;24,46;89;16,9;29,5;46,4;33,2
30;1,29;480;92,4;30,17;106;23,5;26,4;49,9;31,78
310;1,29;300;61,6;22,09;92;16,1;18,3;34,4;28,44
60;1,29;60;50,5;19,73;80;18;10,3;28,3;25,19
50;1,29;180;21;14,58;54,5;7,8;5,1;12,9;11,72
240;1,29;0;19,7;15,16;55;9;5,3;14,3;15,15
40;1,29;240;22,6;14,01;55;7,8;6;13,8;14,64
50;1,29;120;24,5;14,95;57;6,9;4,8;11,7;10,05
110;1,29;300;27,5;15,32;61;8,6;4,5;13,1;11,53
130;1,29;240;27;14,18;60,5;11,2;5,5;16,7;15,1
240;1,29;0;32;17,05;65,5;15,2;7;22,2;22,06
60;1,29;240;71;23,45;80;10;15,7;25,7;22,37
80;1,29;240;51,6;18,28;74;7,9;6,5;14,4;11,25
270;1,29;180;58,5;24,04;87,5;25;22,2;47,2;33,39
30;1,29;180;44;23,79;85;22,9;30,8;53,7;36,19
26;1,29;180;32,6;20,21;78;17,3;11,5;28,8;27,23
120;1,29;240;29;15,68;62;10,2;5,6;15,8;14,23
50;1,29;300;33;18,66;72;12,3;17,8;30,1;27,76
65;1,29;180;35,7;21,12;61;18,1;15,8;33,9;30,27
75;1,29;120;28,3;15,76;62;9,5;6,7;16,2;14,62
105;1,29;120;20,5;14,98;52;7,9;4,6;12,5;10,9
240;1,29;240;29,2;15,56;64;7,2;5;12,2;10,28
0;1,29;240;47,5;21,11;83,5;26,5;36,7;63,2;34,99
90;1,29;300;42;24,1;80;16,7;22,3;39;32,4
0;1,29;180;28;16,57;62,5;13,2;6,3;19,2;19,5
30;1,29;420;29,3;15,61;65;12,4;9;21,4;21,69
90;1,29;360;49;18,44;79;17,8;10,9;28,7;25,26
95;1,29;180;56,6;20,29;88;20;23,5;43,5;29,92
90;1,29;120;33,5;17,59;69;20,8;15,5;36,3;31,49
30;1,29;120;26,5;16,43;57;9,6;8,5;18,1;16,4
90;1,29;180;46;21,88;79;23,5;16,4;39,9;30,36
90;1,29;120;33;15,7;65;10,8;11;21,8;18,73
210;1,29;120;41,5;18,44;70;12,8;8;20,8;18,49
240;1,29;180;60,4;30,38;96;40,3;38,7;79;29,36
315;1,29;180;31,3;16,92;63;11,5;6;17,5;17,55
250;1,29;120;29,6;16,24;69;19,5;8,5;28;26,39
175;1,29;180;44,5;18,76;73,5;23,2;10;33,2;27,79
105;1,29;300;54;20,58;77;10,5;6,8;17,3;14,06
0;1,29;180;38,9;17,06;68;8,5;5,5;14;11,15
70;1,29;120;43,1;19,95;75,6;24,3;13,6;37,9;30,93
450;1,29;210;55;22,31;79;21;12,5;33,5;26,76
75;1,29;300;51,5;20,37;75;13,5;10,2;23,7;22,25
210;1,29;240;42,7;18,73;69;12,1;8,6;20,7;18,1
0;1,29;60;32,5;17,83;64,5;12,8;6,3;19,1;17,01
95;1,29;180;29,1;15,28;62;7,5;5,5;13;11,82
130;1,29;180;32;17,82;68;19,8;7,5;27,3;25,91
210;1,29;240;35,5;20,37;71;13,6;16;29,6;25,75
0;1,29;60;34,2;17,45;67;13,2;8;21,2;18,83
130;1,29;180;64,8;26,97;100;34,6;34,8;69,4;33,19
55;1,29;0;24,9;13,66;58;5,5;4;9,5;9,34
225;1,29;240;46,7;18,71;74;24;10,5;34,5;28,89
0;1,29;360;46,4;17,04;74;16,8;9,5;26,3;23,8
40;1,29;180;32,3;14,36;63;10;3,5;13,5;11,04
90;1,29;300;47,7;17,31;73;6,5;5,6;12,1;9,18
120;1,29;240;69;25,04;95;41;39,3;80,3;27,63
165;1,29;240;44,5;18,05;75;25,5;12,5;38;30,57
35;1,29;180;37;17,6;73;25,5;14;39,5;32,2
105;1,29;120;43,3;21,47;80;24,5;17,5;42;31,83
0;1,29;60;32;16,8;69;12;8;20;18,1
210;1,29;180;39;18,3;67;13;8;21;18,06
70;1,29;0;39;16,44;73;12,5;9,8;22,3;19,14
210;1,29;300;38,6;17,16;67;10;6;16;14,73
80;1,29;180;49;20,13;82;13,8;17,5;31,3;26,9
60;1,29;120;49;16;69;4,5;5;9,5;5,64
190;1,29;120;53;19,95;76;10,8;9;19,8;16,33
150;1,29;240;59;20,42;75;15,2;12,5;27,7;24,59
120;1,29;180;41;16,85;70;14;9,5;23,5;21,5
210;1,29;120;54;21,09;80;14;12;26;23,39
240;1,29;480;68,5;25,16;98,5;28,5;15;43,5;32,22
30;1,29;480;44,5;17,38;65;13,8;8,5;22,3;20,54
0;1,25;180;29,9;15,26;62;5,5;3,5;9;6,48
0;1,25;60;31,6;15,03;65;8,2;4,3;12,5;10
140;1,25;60;34,6;18,17;65;11,1;5,3;16,4;14,21
130;1,25;120;30,2;14,77;62;8,2;4;12,2;9,98
100;1,25;60;33,7;14,98;68;12;7,5;19,5;17,06
75;1,25;120;22;13,43;58;8,3;3,6;11,9;10,67
30;1,25;60;26;15,62;59;8;6,5;14,5;12,65
0;1,25;240;20,5;14,72;54;10,6;4,5;15,1;13,95
270;1,25;180;45,8;20,91;73;19,3;11,2;30,5;24,31
115;1,25;300;46;15,92;71;5,6;4,9;10,5;7,15
90;1,25;360;45,2;19,56;75;8,9;10;18,9;17,43
60;1,21;240;19,4;14,17;56;7,7;4,8;12,5;13,3
150;1,21;300;29,3;15,61;57;9,5;4,4;13,9;14,05
70;1,21;180;29,1;15,06;64;9,8;5,9;15,7;15,84
0;1,21;240;38,4;17,77;71;15,4;6,3;21,7;19,24
120;1,21;180;51,5;24,16;84,5;27,5;30,5;58;33,53
75;1,21;120;46;20,17;76;12,1;10,4;22,5;21,6
60;1,21;60;50;22,22;86,3;12,5;14,6;27,1;22,77
60;1,21;240;32,5;13,88;65;7,2;4,8;12;10,67
480;1,21;120;48,2;19,55;82;16,2;12,4;28,6;25,79
120;1,21;120;32,9;18,32;67;14,3;8,3;22,6;22,38
30;1,21;30;26,5;15,92;59;11,8;5,6;17,4;15,76
25;1,21;240;49,5;22,91;85;21,6;19,3;40,9;33,14
180;1,21;180;32,2;16,43;62;5,7;5,8;11,5;8,94
180;1,21;120;62,1;25,85;89;28,7;25,8;54,5;34,93
60;1,21;60;42,4;17,42;72;13,4;10,6;24;22,49
210;1,21;120;45,9;16,26;78;14,5;8,9;23,4;21,62
75;1,21;240;39,3;14,97;66,5;10;7,5;17,5;14,55
135;1,21;360;45,2;16,6;73;12;9,9;21,9;20,21
70;1,21;60;47,5;22,28;75;22,5;14,4;36,9;29,88
360;1,21;300;47,7;17,52;73;15,8;10,9;26,7;23,69
65;1,21;240;68,7;23,49;93;12,4;12,6;25;22,45
35;1,21;120;22;14,54;55;7,3;4,5;11,8;12,56
200;1,21;180;38;16,67;70;9;6,5;15,5;14,64
180;1,21;120;40,2;20,51;77;17;10,5;27,5;25,05
70;1,21;120;28,8;16,53;60;9,8;5,5;15,3;14,15
0;1,21;60;27,9;15,77;55;10;5,9;15,9;16,43
140;1,21;120;40,3;21,16;74,5;17,7;17,8;35,5;30,8
0;1,21;180;35;18,12;68;17,6;13,2;30,8;28,2
210;1,21;360;29,7;16,3;65;14,8;6,2;21;20,66
50;1,21;180;33;17,58;65,5;14,5;7,8;22,3;22,44
45;1,21;240;36,8;19,05;69;14,5;10,5;25;23,55
210;1,21;120;42;18,18;75;9;7,3;16,3;16,82
45;1,21;60;29;15,91;60;9;7,3;16,3;16,42
40;1,21;240;24,5;14,06;57;6;4,5;10,5;10,15
180;1,21;120;28,5;16,36;63;9,5;10;19,5;17,36
150;1,21;180;70,5;29,34;92;38,6;40,5;79,1;27
160;1,21;240;44;20,09;72;19,2;8;27,2;25,44
270;1,21;180;42,5;21,08;74;20,8;13,6;34,4;27,54
180;1,21;120;32;15,87;64;6,3;5,3;11,6;9,35
135;1,21;300;40,3;15,74;65;7;5,3;12,3;9,39
180;1,21;420;42;18,67;75;22,8;10,9;33,7;29,17
0;1,21;180;52;20,83;77;23,2;13,4;36,6;29,74
60;1,21;240;62,8;20,05;79,5;12,3;8,8;21,1;17,04
220;1,21;240;46,7;17,36;72;13,9;7,4;21,3;19,71
210;1,21;120;28,7;16,72;67,5;15,9;14,8;30,7;28,44
230;1,21;120;37,7;17,93;73,5;10,5;8,9;19,4;17,57
120;1,21;240;22;13,86;54,5;6,5;4,9;11,4;12,13
240;1,21;240;55,7;25,09;89;36,3;35,4;71,7;31
80;1,21;120;39;20,78;73;24,3;16,4;40,7;33,07
60;1,21;180;30,6;16,79;61;10,5;4,5;15;13,85
120;1,21;300;29,7;18,13;66;11,7;10;21,7;21,24
50;1,21;180;24,5;13,85;57;5,5;4,5;10;9,9
60;1,21;180;34,5;16,41;65,5;12,5;8,2;20,7;20,1
40;1,21;120;34,2;17,45;64;11,5;5,5;17;15,08
180;1,21;180;53,5;20,9;77,5;21,5;8,5;30;26,3
240;1,21;180;53,5;20,39;76;16;14,5;30,5;26,41
120;1,21;180;71;26,08;95;31,3;29;60,3;32,07
25;1,21;60;21;13,44;53;7,3;5;12,3;13,09
90;1,21;180;45;18,73;75;15;9,5;24,5;22,87
0;1,21;120;46,5;20,67;70;12;14,5;26,5;23,75
150;1,21;120;35;19,49;70;15;13,5;28,5;26,03
150;1,21;180;55,5;24,67;87;18,2;19,5;37,7;30,24
60;1,21;420;62;27,56;94;26;19,5;45,5;33,18
150;1,21;180;62;22,77;79;8,5;7,5;16;12,43
60;1,21;180;50;19,53;79;10;9;19;17,92
60;1,21;300;64,5;18,44;83;7,5;7,4;14,9;11,35
50;1,21;120;42,8;19,81;77;21,4;7,5;28,9;23,59
60;1,21;240;42,8;16,72;70;10;8,5;18,5;17,27
65;1,21;300;71;25,16;88,5;23,8;20;43,8;32,31
50;1,19;120;34,9;15,93;67;7,3;6,4;13,7;13,54
0;1,19;180;34,9;15,11;63,5;8,4;6,3;14,7;11,85
5;1,19;120;65,1;21,75;83;9,5;12,8;22,3;18,04
300;1,19;60;57,5;19,21;75;8,4;7,5;15,9;12,33
50;1,19;240;30,1;14,52;61,5;4,8;4,2;9;5,78
0;1,19;300;56,6;21,84;77;12,6;8,9;21,5;18,08
130;1,19;180;41;19,77;74;18,6;9,5;28,1;25,76
60;1,19;60;31,5;15,84;66;10,3;6,5;16,8;14,59
120;1,19;360;28,9;15,18;60;9;6,5;15,5;15,64
80;1,19;60;22,3;16,57;57;7,8;5,8;13,6;12,44
20;1,19;240;22;15,28;58;7,8;5,5;13,3;12,13
90;1,14;180;30,3;18,21;67;15,5;8,4;23,9;23,71
60;1,14;120;33,1;20,52;72;17,5;18,2;35,7;30,9
120;1,14;180;28,5;17,95;67;12,8;11,5;24,3;23,32
120;1,14;180;41,8;20,44;76;25;12,5;37,5;31,05
20;1,14;180;46,9;19,52;77;11,6;8,3;19,9;17,41
120;1,14;300;43;16,38;75;7,3;9,4;16,7;15,6
35;1,14;120;55,8;21,26;83,5;16,9;17,5;34,4;28,44
180;1,14;180;26,5;13,33;57;11;6,8;17,8;17,23
60;1,14;120;38;18,33;71,5;16,8;7,8;24,6;22,55
30;1,14;60;39,3;20,34;77;23,8;20,9;44,7;34,37
35;1,14;120;41,1;17,79;71;11,4;7,5;18,9;18,83
130;1,14;300;34,3;17,25;81,5;12,3;9,4;21,7;18,94
60;1,14;360;82,5;36,67;51,5;22,8;15,5;38,3;29,4
0;1,14;300;34,4;14,89;65,5;11,5;5,3;16,8;16,59
120;1,14;240;40;16,87;64;7,3;4;11,3;8,72
60;1,14;240;38,2;16,98;65,5;7,3;5,2;12,5;10
90;1,14;60;40,3;15,74;66;8,8;6;14,8;13,95
90;1,14;180;58,9;20,38;79,5;16,6;12,6;29,2;25,79
90;1,14;60;56,3;20,68;72;5,7;7,3;13;9,82
25;1,14;120;56,2;20,9;83;19,8;20,8;40,6;31,23
90;1,14;120;75,4;29,45;104;21,8;36,5;58,3;34,12
30;1,14;120;28,2;16,18;66;11,5;7,8;19,3;19,59
150;1,14;180;29,6;17,79;65,5;9,5;9,6;19,1;17,71
50;1,14;240;24,7;13,96;59;9,1;4;13,1;13,23
20;1,14;300;22;12,63;55;5,1;9,5;14,6;11,45
130;1,14;240;29;17,16;64,5;11,6;7,2;18,8;19,14
60;1,14;180;27;14,81;64;10;8,5;18,5;16,17
150;1,14;180;42,7;16,27;70;12,5;6;18,5;15,87
180;1,14;240;26,5;16,43;62;10,4;9,3;19,7;17,54
150;1,14;180;39,2;25,09;83;30,1;22,4;52,5;36,1
150;1,14;240;32,1;18,15;64;15,3;10,5;25,8;24,44
30;1,14;360;26,4;15,86;60;13,8;8,3;22,1;21,97
120;1,14;120;35;17,86;69;14;7;21;18,96
0;1,14;120;52;20,83;82;15,5;14,5;30;26,1
130;1,14;360;46;19,4;71;10,5;6;16,5;15,61
120;1,14;180;55;19,03;77,5;6,5;7,5;14;10,85
30;1,14;60;20,7;11,7;59;9;6;15;13,85
50;1,14;300;24,5;13,44;58;8;4,5;12,5;10,6
60;1,14;120;63,3;26,35;85;20;20,5;40,5;31,19
60;1,14;60;28,5;14,54;61,5;8;6,5;14,5;14,35
120;1,14;420;47,5;20,56;75;20,5;16,5;37;29,72
40;1,13;60;25,6;16,12;58;6,3;3,5;9,8;7,68
15;1,13;120;21,1;14,18;51,5;9,8;5,4;15,2;16,05
70;1,13;120;39;17,33;70;18,3;9,1;27,4;22,58
70;1,13;240;79,4;28,13;98,5;35,9;47,4;83,3;25,39
180;1,13;120;53;19,23;73,2;9,1;6,4;15,5;12,34
60;1,13;240;43,1;18,17;68,5;9,3;7,4;16,7;15,4
90;1,13;360;40,8;14,99;68;11,2;5,9;17,1;16,58
60;1,13;60;66;29,33;95;24,2;33;57,2;33,26
35;1,13;60;21;13,66;58;8;5,5;13,5;14,34
35;1,13;120;22;14,54;56;8,7;4,5;13,2;14,03
130;1,13;240;42;15,81;67;14,6;7;21,6;19,96
105;1,13;30;48,2;16,29;75;13,8;8,8;22,6;20,58
270;1,13;300;55,8;21,53;81,5;19,7;15;34,7;29
30;1,07;120;30,6;17,3;69;13,2;9,2;22,4;22,22
30;1,07;0;39,3;20,05;72;13,3;16,2;29,5;26,98
60;1,07;60;45,6;20,82;75;12,9;10,5;23,4;19,32
30;1,07;300;25,7;15,21;62,5;14,5;8,4;22,9;22,62
120;1,07;120;33,4;16,8;67,5;13,2;7,2;20,4;20,15
25;1,07;180;47,5;21,69;81,5;14,5;17,6;32,1;28,57
120;1,07;180;27,9;13,84;60,5;13,9;6,1;20;19,2
60;1,07;30;66,9;27,85;92,5;36,4;43,8;80,2;28,09
0;1,07;180;42,3;17,61;68,5;9,7;6,5;16,2;13,72
105;1,07;60;66,4;25,62;88;21,2;21,8;43;32,26
90;1,07;240;56,6;19,58;75;7,3;8,4;15,7;12,14
180;1,07;120;62,8;18,75;73;5,2;5,8;11;7,3
90;1,07;60;50,1;18,4;76;10,5;10;20,5;18,83
30;1,07;120;26,8;18,01;60;11,8;6,5;18,3;16,99
0;1,07;180;44,8;22,22;79;18,9;15;33,9;29,97
90;1,07;120;49,3;19,75;59;7,9;8,2;16,1;15,62
60;1,07;180;45,5;17,55;75;13;8,3;21,3;19,71
30;1,07;60;53,6;22,6;81;22,8;17,5;40,3;31,12
120;1,07;60;55;20,2;76;12;15,5;27,5;24,25
60;1,07;60;52;24,73;80;25,3;18;43,3;32,16
0;1,06;300;34;19,81;73,5;15,4;15;30,4;28,25
20;1,06;120;40,6;20,13;75;17,5;10,9;28,4;26,26
75;1,06;180;32,5;13,88;65;7,4;4,9;12,3;11,19
90;1,06;180;45,1;15,98;70;11,4;7,1;18,5;15,17
50;1,06;180;46,3;20,04;68,6;13;11,8;24,8;22,3
50;1,06;240;36;16,22;68;12,3;8,2;20,5;19,63
30;1,06;180;26;13,85;62;8,3;7;15,3;13,15
50;1,06;120;40,5;20,96;78;17,5;17,4;34,9;28,4
0;1;120;28;16,32;60;9,1;4,5;13,6;12,04
0;1;300;55,3;24,58;84;25,6;32,4;58;34,53
0;1;240;48,3;18,63;79;14,4;11,9;26,3;23,4
0;1;240;58,1;24,5;81;17,6;15,3;32,9;25,33
0;1;360;39,9;17,97;67;12,1;9,5;21,6;19,76
140;1;120;63,3;23,54;81;12;7,8;19,8;18,43
45;1;60;45,8;18,82;70;13,2;10,4;23,6;21,38
45;1;300;45,8;17,45;74;14,7;10,5;25,2;22,6
0;1;60;26;14,27;60;10,5;6,5;17;17,48
0;1;240;36,7;18,99;69,5;14,3;7,5;21,8;21,33
15;0,94;360;62;24,84;94;15;23,8;38,8;31,61
30;0,94;120;25,6;13,84;59;9,8;5;14,8;14,95
0;0,88;180;41,3;15,74;69;6,3;4,9;11,2;10,61
0;0,88;240;47,8;20,42;78,5;19,1;13,5;32,6;25,86
0;0,88;240;49,6;20,12;78;17;14,3;31,3;27,1
0;0,88;120;30;20,83;54;3,8;8,9;12,7;13,21
0;0,88;240;21;15,61;55;6,8;5,6;12,4;11,19
0;0,88;240;35;18,38;71;13,6;15;28,6;26,79
180;0,07;120;39,1;18,6;65;10,1;6,4;16,5;14,01
